SMILES,Solvent,SMILES_Solvent,canonical_smiles_solvent,value,Temperature_K,MaxAbsEStateIndex.1,MinAbsEStateIndex.1,MinEStateIndex.1,qed.1,SPS.1,MolWt.1,MaxPartialCharge.1,MinPartialCharge.1,MinAbsPartialCharge.1,FpDensityMorgan1.1,FpDensityMorgan2.1,BCUT2D_MWHI.1,BCUT2D_MWLOW.1,BCUT2D_MRHI.1,BCUT2D_MRLOW.1,AvgIpc.1,BalabanJ.1,BertzCT.1,Chi3n.1,HallKierAlpha.1,PEOE_VSA1.1,PEOE_VSA10.1,PEOE_VSA12.1,PEOE_VSA13.1,PEOE_VSA14.1,PEOE_VSA2.1,PEOE_VSA5.1,PEOE_VSA6.1,PEOE_VSA7.1,PEOE_VSA8.1,PEOE_VSA9.1,SMR_VSA1.1,SMR_VSA10.1,SMR_VSA5.1,SMR_VSA6.1,SMR_VSA7.1,SlogP_VSA12.1,SlogP_VSA2.1,SlogP_VSA3.1,SlogP_VSA7.1,EState_VSA1.1,EState_VSA10.1,EState_VSA2.1,EState_VSA3.1,EState_VSA4.1,EState_VSA5.1,EState_VSA6.1,EState_VSA7.1,EState_VSA8.1,EState_VSA9.1,VSA_EState1.1,VSA_EState3.1,VSA_EState4.1,VSA_EState5.1,VSA_EState7.1,VSA_EState8.1,VSA_EState9.1,FractionCSP3.1,NHOHCount.1,NOCount.1,NumAliphaticCarbocycles.1,NumAliphaticHeterocycles.1,NumAliphaticRings.1,NumAtomStereoCenters.1,NumHAcceptors.1,NumHeteroatoms.1,NumRotatableBonds.1,RingCount.1,MolLogP.1,fr_Al_COO.1,fr_NH0.1,fr_NH2.1,fr_Ndealkylation2.1,fr_aryl_methyl.1,fr_lactone.1,fr_methoxy.1,fr_unbrch_alkane.1,MACCS_28.1,MACCS_51.1,MACCS_54.1,MACCS_57.1,MACCS_66.1,MACCS_72.1,MACCS_74.1,MACCS_82.1,MACCS_83.1,MACCS_86.1,MACCS_90.1,MACCS_91.1,MACCS_92.1,MACCS_93.1,MACCS_98.1,MACCS_104.1,MACCS_106.1,MACCS_108.1,MACCS_109.1,MACCS_112.1,MACCS_114.1,MACCS_115.1,MACCS_116.1,MACCS_118.1,MACCS_126.1,MACCS_127.1,MACCS_128.1,MACCS_129.1,MACCS_132.1,MACCS_138.1,MACCS_141.1,MACCS_146.1,MACCS_148.1,MACCS_149.1,MACCS_155.1,MACCS_157.1,MACCS_159.1,MACCS_160.1,MACCS_163.1,MACCS_164.1
CCCCCCCCCCCCCCCCCCCC(=O)OCCO,ethanol,CCO,CCO,-1.996419091,298.15,7.569444444,0.25,0.25,0.406807966,6,46.069,0.040220582,-0.396663715,0.040220582,2,2,16.24899133,10.90816804,3.835802336,0.318405613,0.918295834,1.632993162,2.754887502,0,-0.04,5.106527395,0,0,0,0,0,0,0,6.9237372,6.606881965,0,5.106527395,0,6.9237372,6.606881965,0,0,11.71340936,0,0,0,0,6.606881965,0,0,0,6.9237372,0,0,5.106527395,0,7.569444444,0,0,0,1.930555556,0,1,1,1,0,0,0,0,1,1,0,0,-0.0014,0,0,0,0,0,0,0,0,0,0,0,0,0,0,0,1,0,0,0,0,0,0,0,0,0,0,1,0,1,0,0,0,0,0,0,0,0,0,0,0,0,0,1,1,0,1,0,1
CC(=O)NCC(=O)O,methanol,CO,CO,-1.019636171,298.15,7,1,1,0.385284404,3,32.042,0.031940684,-0.399630244,0.031940684,1.5,1.5,16.23570303,11.77429697,3.177807485,0.398992515,1,1,2,0,-0.04,5.106527395,0,0,0,0,0,0,0,0,7.109797541,0,5.106527395,0,0,7.109797541,0,0,12.21632494,0,0,0,0,0,0,7.109797541,0,0,0,0,5.106527395,0,7,0,0,0,0,1,1,1,1,0,0,0,0,1,1,0,0,-0.3915,0,0,0,0,0,0,0,0,0,0,0,0,0,0,0,0,0,0,0,0,0,1,0,0,0,0,0,0,0,0,0,0,0,0,0,0,0,0,0,0,0,0,0,1,0,1,0,1
c1ccc2cc3ccccc3cc2c1,isopropanol,CC(C)O,CC(C)O,-2.272134143,298.15,8.055555556,0.166666667,-0.166666667,0.428404794,9,60.096,0.048347612,-0.393706902,0.048347612,1.5,1.5,16.26364309,10.50360187,4.204004314,0.215624827,0.811278124,2.323790008,8,0,-0.04,5.106527395,0,0,0,0,0,0,0,13.8474744,6.103966388,0,5.106527395,0,19.95144079,0,0,0,11.21049378,0,0,0,0,6.103966388,0,0,0,13.8474744,0,0,5.106527395,0,8.055555556,0,0,-0.166666667,3.444444444,0,1,1,1,0,0,0,0,1,1,0,0,0.3871,0,0,0,0,0,0,0,0,0,0,0,0,0,0,1,0,0,0,0,0,0,0,0,0,0,0,0,0,0,0,0,0,0,0,0,0,0,0,0,0,0,1,0,1,0,1,0,1
C(=N/Nc1ccccc1)\c1ccc[nH]1,water,O,O,-4.489019458,298.15,0,0,0,0.327747677,0,18.015,-0.411509522,-0.411509522,0.411509522,1,1,15.999,15.999,0.8238,0.8238,0,0,0,0,-0.04,5.476191836,0,0,0,0,0,0,0,0,0,0,5.476191836,0,0,0,0,0,5.476191836,0,0,0,0,5.476191836,0,0,0,0,0,0,0,0,0,0,0,0,0,0,0,2,1,0,0,0,0,0,1,0,0,-0.8247,0,0,0,0,0,0,0,0,0,0,0,0,0,0,0,0,0,0,0,0,0,0,0,0,0,0,0,0,0,0,0,0,0,0,0,0,0,0,0,0,0,0,0,0,0,0,0,1
CCCCCCCCCCCCCCCCCC(=O)OCCO,ethyl acetate,CCOC(C)=O,CCOC(C)=O,-0.916047259,298.15,9.821527778,0.210648148,-0.210648148,0.437850878,7.666666667,88.106,0.302112778,-0.46617189,0.302112778,1.833333333,2.333333333,16.53089092,10.76990205,5.652796097,-0.139887661,1.348587896,2.83125711,49.509775,0.3476007,-0.53,4.736862954,0,0,0,5.969305288,4.794537184,0,0,6.9237372,6.9237372,6.606881965,9.531400138,5.969305288,13.8474744,6.606881965,0,0,12.57618725,9.531400138,0,0,4.794537184,5.969305288,6.606881965,0,6.9237372,6.9237372,0,4.736862954,0,4.402777778,0,0,-0.210648148,0,3.653009259,0,0.75,0,2,0,0,0,0,2,2,1,0,0.5694,0,0,0,0,0,0,0,0,0,0,0,0,0,0,0,0,0,0,0,0,0,0,0,0,0,0,1,0,1,0,1,0,1,0,0,0,0,0,0,0,0,1,1,1,1,1,0,1
c1ccc2cc3ccccc3cc2c1,n-propanol,CCCO,CCCO,-2.104134712,298.15,7.875,0.319444444,0.319444444,0.463783983,7.5,60.096,0.04278928,-0.396387351,0.04278928,1.75,2,16.2498503,10.54757317,4.096361135,0.294768568,1.370950594,1.974744871,5.245112498,0.223606798,-0.04,5.106527395,0,0,0,0,0,0,6.9237372,6.420821623,6.606881965,0,5.106527395,0,13.34455882,6.606881965,0,0,11.71340936,0,0,0,0,0,6.606881965,6.420821623,0,0,6.9237372,0,5.106527395,0,7.875,0,0,0.875,2.25,0,1,1,1,0,0,0,0,1,1,1,0,0.3887,0,0,0,0,0,0,0,0,0,0,0,0,0,0,0,1,0,0,0,0,0,0,0,1,0,0,1,0,1,1,0,1,0,0,0,0,1,0,0,0,0,0,1,1,0,1,0,1
O=[N+]([O-])N1CN([N+](=O)[O-])CN([N+](=O)[O-])CN([N+](=O)[O-])C1,acetone,CC(C)=O,CC(C)=O,-1.212347918,298.15,9.444444444,0.166666667,0.166666667,0.398236962,6.5,58.08,0.126267944,-0.300343903,0.126267944,1.5,1.5,16.136528,10.55082225,5.717069246,-0.114492595,0.811278124,2.803039488,26.26466251,0,-0.33,4.794537184,5.783244946,0,0,0,0,0,0,13.8474744,0,0,4.794537184,5.783244946,13.8474744,0,0,0,5.783244946,4.794537184,0,0,4.794537184,5.783244946,0,0,13.8474744,0,0,0,0,0,0,0,0.166666667,0,3.055555556,0,0.666666667,0,1,0,0,0,0,1,1,0,0,0.5953,0,0,0,0,0,0,0,0,0,0,0,0,0,0,1,0,0,0,0,0,0,0,0,0,0,0,0,0,0,0,0,0,0,0,0,0,0,0,0,0,0,1,0,0,0,1,0,1
c1ccc2cc3ccccc3cc2c1,n-butanol,CCCCO,CCCCO,-2.059733073,298.15,8.06625,0.34375,0.34375,0.512821799,8.4,74.123,0.043042283,-0.396376752,0.043042283,1.6,2.2,16.24991399,10.36642343,4.227732581,0.286783838,1.405639062,2.190609687,11.11941548,0.511667274,-0.04,5.106527395,0,0,0,0,0,0,13.34455882,6.420821623,6.606881965,0,5.106527395,0,19.76538045,6.606881965,0,0,11.71340936,0,0,0,0,0,6.606881965,12.84164325,0,0,0,6.9237372,5.106527395,0,8.06625,0,0,2.038194444,2.395555556,0,1,1,1,0,0,0,0,1,1,2,0,0.7788,0,0,0,0,0,0,0,1,0,0,0,0,0,0,0,1,0,0,1,0,0,0,0,1,0,0,1,0,1,1,1,1,0,0,0,0,1,0,0,0,0,0,1,1,0,1,0,1
O=[N+]([O-])c1cccc2ccccc12,acetonitrile,CC#N,CC#N,0.964479792,298.15,7.319444444,1.430555556,1.430555556,0.38698058,2.666666667,41.053,0.058714824,-0.198658426,0.058714824,2,2,14.19977254,10.95508812,4.507020971,1.489653195,0.918295834,2.475534206,24.26466251,0,-0.51,0,0,0,0,0,0,0,0,0,6.9237372,6.069221313,0,0,6.9237372,0,0,0,0,0,0,0,0,0,0,0,6.9237372,6.069221313,0,0,5.261891555,0,7.319444444,0,0,0,1.430555556,0,0.5,0,1,0,0,0,0,1,1,0,0,0.52988,0,1,0,0,0,0,0,0,0,0,0,0,0,0,0,0,0,0,0,0,0,0,0,0,0,0,0,0,0,0,0,0,0,0,0,0,0,0,0,0,0,0,0,0,0,1,0,0
COc1cc2c(cc1OC)C(=O)C(CC1CCN(Cc3ccccc3)CC1)C2.Cl,DMF,CN(C)C=O,CN(C)C=O,-1.802599176,298.15,9.430555556,0.75,0.75,0.39026824,6.8,73.095,0.208684718,-0.351386795,0.208684718,1.6,1.8,16.14126441,10.98473093,5.448254175,-0.11544113,1.378783493,2.825749369,33.87430298,0.210818511,-0.53,4.899909731,0,6.410095306,0,0,4.794537184,0,0,0,14.09534397,0,4.794537184,6.410095306,0,14.09534397,0,0,25.405349,4.794537184,0,0,4.794537184,0,0,6.410095306,4.899909731,14.09534397,0,0,0,0,0,0,0,0.75,0,3.375,0.666666667,0,2,0,0,0,0,1,2,1,0,-0.2956,0,1,0,0,0,0,0,0,0,0,0,0,0,0,1,0,0,1,0,0,0,1,0,0,0,0,0,0,0,0,0,0,0,0,0,0,0,0,0,0,1,1,0,0,0,1,0,1
O=[N+]([O-])c1cccc2ccccc12,toluene,Cc1ccccc1,Cc1ccccc1,0.832066022,298.15,2.083333333,1.321759259,1.321759259,0.45880628,8.714285714,92.141,-0.039774526,-0.062249086,0.039774526,1,1.571428571,13.78210528,10.24462622,5.111827209,1.475756642,1.685616163,3.02146531,129.9656602,0.940455735,-0.78,0,0,0,0,0,0,0,35.89528683,6.9237372,0,0,0,0,6.9237372,0,35.89528683,0,0,0,0,0,0,0,0,0,5.563451492,0,18.19910121,19.05647134,0,0,0,1.321759259,0,0,2.083333333,0,0.142857143,0,0,0,0,0,0,0,0,0,1,1.99502,0,0,0,0,1,0,0,0,0,0,0,0,0,0,0,0,0,0,0,0,0,0,0,0,0,0,0,0,0,0,0,0,0,0,0,0,0,0,0,0,0,0,0,0,0,1,1,0
c1ccc2cc3ccccc3cc2c1,isobutanol,CC(C)CO,CC(C)CO,-2.295709756,298.15,8.143518519,0.305555556,0.305555556,0.483480244,9.6,74.123,0.045348804,-0.396109844,0.045348804,1.6,1.8,16.25082235,10.24864869,4.318960272,0.247962689,1.378783493,2.539538861,17.60964047,0.365148372,-0.04,5.106527395,0,0,0,0,0,0,13.8474744,5.917906046,6.606881965,0,5.106527395,0,13.8474744,6.606881965,0,0,11.71340936,0,0,0,0,0,12.52478801,0,0,0,13.8474744,0,5.106527395,0,8.143518519,0,0.439814815,0,4.25,0,1,1,1,0,0,0,0,1,1,1,0,0.6347,0,0,0,0,0,0,0,0,0,0,0,0,0,0,1,1,0,0,0,0,0,0,0,0,0,0,1,0,0,1,0,0,0,0,0,0,0,0,0,0,0,1,1,1,0,1,0,1
CC1(C)COP(=O)(Oc2cc(OP3(=O)OCC(C)(C)CO3)cc(OP3(=O)OCC(C)(C)CO3)c2)OC1,"1,4-dioxane",C1COCCO1,C1COCCO1,-2.986821297,298.15,4.944444444,0.777777778,0.777777778,0.41574925,24,88.106,0.070114395,-0.376667636,0.070114395,0.666666667,1,16.56430083,10.63857183,4.365979954,-0.033358206,1.719973094,2,21.01955001,0.744016936,-0.08,9.473725908,0,0,0,0,0,0,0,0,0,26.42752786,9.473725908,0,0,26.42752786,0,0,26.42752786,9.473725908,0,0,0,0,0,26.42752786,0,0,0,0,9.473725908,9.888888889,0,0,0,0,3.111111111,0,1,0,2,0,1,1,0,2,2,0,1,0.0332,0,0,0,0,0,0,0,0,0,0,0,1,0,1,0,0,0,1,0,0,0,0,1,0,0,0,1,0,0,0,0,1,0,0,1,1,1,1,0,0,0,0,0,1,1,0,1,1
CC1(C)CC(NCCCCCCNC2CC(C)(C)NC(C)(C)C2)CC(C)(C)N1,methyl acetate,COC(C)=O,COC(C)=O,-0.528145611,298.15,9.590277778,0.24537037,-0.24537037,0.382966591,6.8,74.079,0.301847167,-0.469198107,0.301847167,1.8,2,16.52202262,10.83375031,5.650646147,-0.137450045,1.378783493,2.847378923,40.15772188,0.287457479,-0.53,4.736862954,0,0,0,5.969305288,4.794537184,0,0,0,6.9237372,7.109797541,9.531400138,5.969305288,6.9237372,7.109797541,0,0,13.07910283,9.531400138,0,0,4.794537184,5.969305288,0,0,14.03353474,0,0,4.736862954,0,4.111111111,0,0,-0.24537037,0,1.361111111,1.349537037,0.666666667,0,2,0,0,0,0,2,2,0,0,0.1793,0,0,0,0,0,0,1,0,0,0,0,0,0,0,0,0,0,0,0,0,0,1,0,0,0,0,0,0,0,0,0,0,1,0,0,0,0,0,0,0,0,1,0,1,1,1,0,1
CC1(C)COP(=O)(Oc2cc(OP3(=O)OCC(C)(C)CO3)cc(OP3(=O)OCC(C)(C)CO3)c2)OC1,THF,C1CCOC1,C1CCOC1,-2.78471007,298.15,4.944444444,1,1,0.410937601,24,72.107,0.04663817,-0.381449382,0.04663817,1,1.6,16.47808085,10.39358405,4.431751901,0.197833493,1.76049503,2.083333333,15.21928095,0.827350269,-0.04,4.736862954,0,0,0,0,0,0,0,12.84164325,13.21376393,0,4.736862954,0,12.84164325,13.21376393,0,0,13.21376393,4.736862954,0,0,0,0,0,13.21376393,12.84164325,0,0,0,4.736862954,4.944444444,0,0,0,2.555555556,2,0,1,0,1,0,1,1,0,1,1,0,1,0.7968,0,0,0,0,0,0,0,0,0,0,0,1,0,0,0,0,1,1,0,0,0,0,0,0,0,0,1,0,0,0,0,1,0,0,0,1,1,1,0,0,0,0,0,1,0,0,0,1
O=C(Nc1c(F)c(F)c(F)c(F)c1F)C(=O)Nc1c(F)c(F)c(F)c(F)c1F,2-butanone,CCC(C)=O,CCC(C)=O,-1.044418745,298.15,9.8125,0.25462963,0.25462963,0.451050805,7.6,72.107,0.129065033,-0.300042385,0.129065033,1.8,2,16.13711378,10.36069991,5.744224711,-0.116198589,1.378783493,2.847378923,38.91260938,0.497890958,-0.33,4.794537184,5.783244946,0,0,0,0,0,6.9237372,6.9237372,6.420821623,0,4.794537184,5.783244946,20.26829602,0,0,0,5.783244946,4.794537184,0,0,4.794537184,5.783244946,6.420821623,0,0,6.9237372,6.9237372,0,0,0,0,0,0.25462963,0.666666667,3.43287037,0,0.75,0,1,0,0,0,0,1,1,1,0,0.9854,0,0,0,0,0,0,0,0,0,0,0,0,0,0,0,0,0,0,0,0,0,0,0,0,0,0,0,0,1,1,0,0,0,0,0,0,1,0,0,0,0,1,1,0,0,1,0,1
c1ccc2cc3ccccc3cc2c1,n-pentanol,CCCCCO,CCCCCO,-1.995503872,298.15,8.197361111,0.355,0.355,0.513281356,9,88.15,0.043052233,-0.396376571,0.043052233,1.333333333,2,16.24992099,10.26337425,4.304159999,0.283807323,1.614330835,2.339092315,15.90013453,0.761667274,-0.04,5.106527395,0,0,0,0,0,0,19.76538045,6.420821623,6.606881965,0,5.106527395,0,26.18620207,6.606881965,0,0,11.71340936,0,0,0,0,0,6.606881965,12.84164325,6.420821623,0,0,6.9237372,5.106527395,0,8.197361111,0,0,3.326944444,2.475694444,0,1,1,1,0,0,0,0,1,1,3,0,1.1689,0,0,0,0,0,0,0,2,0,0,0,0,0,0,0,1,0,0,1,1,0,0,0,1,0,1,1,0,1,1,1,1,0,0,0,1,1,0,0,0,0,0,1,1,0,1,0,1
c1ccc2cc3ccccc3cc2c1,sec-butanol,CCC(C)O,CCC(C)O,-2.198290466,298.15,8.361111111,0.115740741,-0.115740741,0.486927429,15,74.123,0.050903904,-0.393430087,0.050903904,1.8,2,16.26458483,10.32638817,4.338386967,0.190544205,1.378783493,2.539538861,17.60964047,0.590822476,-0.04,5.106527395,0,0,0,0,0,0,6.9237372,13.34455882,0,6.103966388,5.106527395,0,26.37226241,0,0,0,11.21049378,0,0,0,0,6.103966388,0,6.420821623,0,6.9237372,6.9237372,0,5.106527395,0,8.361111111,0,0,0.74537037,3.726851852,0,1,1,1,0,0,0,1,1,1,1,0,0.7772,0,0,0,0,0,0,0,0,0,0,0,0,0,0,0,0,0,0,0,0,0,0,0,1,0,0,0,0,1,1,0,0,0,0,0,0,1,0,0,0,0,1,1,1,0,1,0,1
c1cc2ccc3cccc4ccc(c1)c2c34,n-hexane,CCCCCC,CCCCCC,-1.183139742,298.15,2.231805556,1.355,1.355,0.462954281,9,86.178,-0.053578702,-0.065382385,0.053578702,0.833333333,1.166666667,13.81562221,10.2098642,4.307622205,0.701864202,1.614330835,2.339092315,12,0.957106781,0,0,0,0,0,0,0,0,39.53076089,0,0,0,0,0,39.53076089,0,0,0,0,0,0,0,0,0,0,0,25.68328649,0,0,13.8474744,0,0,0,0,0,5.536388889,4.463611111,0,1,0,0,0,0,0,0,0,0,3,0,2.5866,0,0,0,0,0,0,0,3,0,0,0,0,0,0,0,0,0,0,0,0,0,0,0,0,0,1,0,0,1,1,1,1,0,0,0,1,0,0,0,0,0,1,1,0,0,1,0,0
O=[N+]([O-])c1cccc2ccccc12,ethylene glycol,OCCO,OCCO,-1.080032457,298.15,7.625,0.125,-0.125,0.407527891,7.5,62.068,0.06622664,-0.393990542,0.06622664,1,1.25,16.30425825,10.81832367,4.062481069,0.185938562,1.370950594,1.974744871,6,0.1,-0.08,10.21305479,0,0,0,0,0,0,0,0,0,13.21376393,10.21305479,0,0,13.21376393,0,0,23.42681872,0,0,0,0,13.21376393,0,0,0,0,0,0,10.21305479,0,15.25,0,0,0,-0.25,0,1,2,2,0,0,0,0,2,2,1,0,-1.029,0,0,0,0,0,0,0,0,0,0,1,0,0,1,0,1,0,0,0,0,0,0,0,1,0,0,1,0,0,0,0,1,0,0,0,0,1,1,0,0,0,0,1,1,1,0,0,1
CC(=O)c1cnccn1,NMP,CN1CCCC1=O,CN1CCCC1=O,0.14972182,298.15,10.5,0.291666667,0.291666667,0.425686211,21.28571429,99.133,0.221873564,-0.345748915,0.221873564,1.714285714,2.428571429,16.15310778,10.38011002,5.771081934,-0.126031391,1.905399931,2.478438739,90.080944,1.309920344,-0.53,4.899909731,0,5.907179729,0,0,4.794537184,0,0,6.420821623,20.01325001,0,4.794537184,5.907179729,12.84164325,13.59242839,0,0,24.39951785,4.794537184,0,0,4.794537184,0,5.907179729,19.38639965,0,4.899909731,7.047671983,0,0,0,0,0,0.291666667,1.811342593,0.957175926,1.842592593,0.8,0,2,0,1,1,0,1,2,0,1,0.2386,0,1,0,1,0,0,0,0,0,0,0,0,0,0,0,0,1,1,0,0,1,1,0,0,0,1,0,0,0,1,1,1,0,1,0,1,1,0,0,0,1,0,0,0,0,1,0,1
c1cc2ccc3cccc4ccc(c1)c2c34,cyclohexane,C1CCCCC1,C1CCCCC1,-0.990728923,298.15,1.5,1.5,1.5,0.422316187,24,84.162,-0.053305973,-0.053305973,0.053305973,0.333333333,0.5,14.014,10.012,4.506,0.504,1.719973094,2,15.509775,1.5,0,0,0,0,0,0,0,0,38.52492974,0,0,0,0,0,38.52492974,0,0,0,0,0,0,0,0,0,0,0,38.52492974,0,0,0,0,0,0,0,0,9,0,0,1,0,0,1,0,1,0,0,0,0,1,2.3406,0,0,0,0,0,0,0,0,0,0,0,0,0,0,0,0,0,0,0,0,0,0,0,0,0,0,0,0,0,0,0,1,0,0,1,1,0,0,0,0,0,0,0,0,0,0,1,0
CCCCCCCCC(=O)NCc1ccc(O)c(OC)c1,DMSO,CS(C)=O,CS(C)=O,0.686541048,298.15,9.555555556,0.611111111,-0.611111111,0.398185077,8.75,78.136,0.014804214,-0.260157963,0.014804214,1.5,1.5,32.19696041,11.91219609,7.829987043,0.690011823,0.811278124,2.803039488,29.01955001,0,0.15,0,0,0,0,0,4.208898492,0,0,0,23.31110741,0,4.208898492,10.79956904,0,12.51153837,0,0,16.72043686,10.79956904,0,10.79956904,4.208898492,0,0,0,0,12.51153837,0,0,0,9.555555556,0,0,0,3.277777778,0,-0.611111111,1,0,1,0,0,0,0,1,2,0,0,-0.0053,0,0,0,0,0,0,0,0,0,1,0,0,0,0,1,0,0,1,0,0,0,1,0,0,0,0,0,0,0,0,0,0,0,0,0,0,0,0,0,0,1,1,0,0,0,1,0,1
CCCCCCCCCCCCCCCCCC(=O)OCCO,n-butyl acetate,CCCCOC(C)=O,CCCCOC(C)=O,-1.143726274,298.15,10.09634637,0.181990741,-0.181990741,0.410684113,8.75,116.16,0.302122867,-0.465877874,0.302122867,1.625,2.25,16.5314464,10.35948956,5.653159339,-0.140540593,1.664672795,2.822354554,68.92878689,0.803216163,-0.53,4.736862954,0,0,0,5.969305288,4.794537184,0,13.34455882,6.420821623,6.9237372,6.606881965,9.531400138,5.969305288,26.68911765,6.606881965,0,0,12.57618725,9.531400138,0,0,4.794537184,5.969305288,6.606881965,12.84164325,6.9237372,0,0,11.66060015,0,4.643333333,0,0,-0.181990741,2.048472222,4.06050548,0,0.833333333,0,2,0,0,0,0,2,2,3,0,1.3496,0,0,0,0,0,0,0,1,0,0,0,0,0,0,0,0,0,0,0,0,0,0,0,0,0,1,1,0,1,1,1,1,1,0,0,0,1,0,0,0,0,1,1,1,1,1,0,1
c1ccc2cc3ccccc3cc2c1,n-octanol,CCCCCCCCO,CCCCCCCCO,-1.864528974,298.15,8.422781951,0.3671875,0.3671875,0.54704837,10,130.231,0.043052407,-0.396376569,0.043052407,0.888888889,1.444444444,16.24992446,10.12740158,4.410191863,0.282098727,1.885234836,2.595082707,37.83229392,1.511667274,-0.04,5.106527395,0,0,0,0,0,0,39.02784531,6.420821623,6.606881965,0,5.106527395,0,45.44866694,6.606881965,0,0,11.71340936,0,0,0,0,0,6.606881965,6.420821623,32.10410811,0,0,6.9237372,5.106527395,0,8.422781951,0,0,7.495702239,2.58151581,0,1,1,1,0,0,0,0,1,1,6,0,2.3392,0,0,0,0,0,0,0,5,0,0,0,0,0,0,0,1,0,0,1,1,0,0,0,1,0,1,1,0,1,1,1,1,0,0,1,1,1,0,0,0,0,0,1,1,0,1,0,1
CC1(C)COP(=O)(Oc2cc(OP3(=O)OCC(C)(C)CO3)cc(OP3(=O)OCC(C)(C)CO3)c2)OC1,chloroform,ClC(Cl)Cl,ClC(Cl)Cl,-1.15754204,298.15,4.805555556,0.75,-0.75,0.427859176,9,119.378,0.180106635,-0.087411528,0.087411528,1,1,35.58227356,11.88372644,6.625347315,1.960652685,0.811278124,2.323790008,8,0,0.87,0,0,0,0,0,0,0,34.80281967,0,0,0,0,34.80281967,4.295451512,0,0,34.80281967,4.295451512,0,0,4.295451512,0,0,0,0,0,0,0,0,34.80281967,-0.75,0,0,0,0,0,0,1,0,0,0,0,0,0,0,3,0,0,1.9864,0,0,0,0,0,0,0,0,0,0,0,0,0,0,0,0,0,0,0,0,0,0,0,0,1,0,0,0,0,0,0,0,0,0,0,0,0,0,0,0,0,0,0,0,0,0,0,0
CCCCCCCCCCCCCCCCCC(=O)OCCO,n-propyl acetate,CCCOC(C)=O,CCCOC(C)=O,-0.494669117,298.15,9.980416667,0.192731481,-0.192731481,0.485245074,8.285714286,102.133,0.302122697,-0.46588874,0.302122697,1.714285714,2.285714286,16.53140833,10.52893962,5.653106012,-0.140439015,1.612197223,2.821938937,59.10049401,0.50944935,-0.53,4.736862954,0,0,0,5.969305288,4.794537184,0,6.9237372,6.420821623,6.9237372,6.606881965,9.531400138,5.969305288,20.26829602,6.606881965,0,0,12.57618725,9.531400138,0,0,4.794537184,5.969305288,6.606881965,6.420821623,6.9237372,0,6.9237372,4.736862954,0,4.552083333,0,0,-0.192731481,0.902361111,3.924537037,0,0.8,0,2,0,0,0,0,2,2,2,0,0.9595,0,0,0,0,0,0,0,0,0,0,0,0,0,0,0,0,0,0,0,0,0,0,0,0,0,1,1,0,1,1,1,1,1,0,0,0,1,0,0,0,0,1,1,1,1,1,0,1
C[C@H]1COc2c(N3CCN(C)CC3)c(F)cc3c(=O)c(C(=O)O)cn1c23,acetic acid,CC(=O)O,CC(=O)O,0.012578672,298.15,9,0.833333333,-0.833333333,0.429882883,6.25,60.052,0.299684553,-0.481433475,0.299684553,2,2,16.36392907,10.85498522,5.624779759,-0.133928992,0.811278124,2.803039488,27.01955001,0,-0.53,5.106527395,0,0,5.969305288,0,4.794537184,0,0,0,6.9237372,0,9.901064579,5.969305288,6.9237372,0,0,0,11.07583268,4.794537184,0,5.969305288,0,0,0,6.9237372,0,0,0,0,9.901064579,0,7.416666667,0,-0.833333333,0,1.083333333,0,0.5,1,2,0,0,0,0,1,2,0,0,0.0909,1,0,0,0,0,0,0,0,0,0,0,0,0,0,0,0,0,0,0,0,0,0,0,0,0,0,0,0,0,0,0,0,0,0,0,0,0,0,0,0,0,0,0,1,1,1,0,1
CC1(C)COP(=O)(Oc2cc(OP3(=O)OCC(C)(C)CO3)cc(OP3(=O)OCC(C)(C)CO3)c2)OC1,dichloromethane,ClCCl,ClCCl,-1.092099713,298.15,4.763888889,0.194444444,0.194444444,0.389962107,6,84.933,0.09670639,-0.10913233,0.09670639,1.333333333,1.333333333,35.53900508,11.92599492,6.402082915,2.204917085,0.918295834,1.632993162,2.754887502,0,0.58,0,0,0,0,0,0,23.20187978,0,0,0,5.339185267,0,23.20187978,0,5.339185267,0,23.20187978,5.339185267,0,0,0,0,5.339185267,0,0,0,0,0,0,23.20187978,0,0.194444444,0,0,0,0,0,1,0,0,0,0,0,0,0,2,0,0,1.4215,0,0,0,0,0,0,0,0,1,0,0,0,0,0,0,0,0,0,0,0,0,0,0,0,0,0,0,0,0,0,0,0,0,0,0,0,0,0,0,0,0,0,1,0,0,0,0,0
NC(N)=C([N+](=O)[O-])[N+](=O)[O-],cyclohexanone,O=C1CCCCC1,O=C1CCCCC1,-1.62649575,298.15,10.46305556,0.46412037,0.46412037,0.448625541,22.57142857,98.145,0.132411328,-0.299717909,0.132411328,1,1.571428571,16.13789093,9.9975763,5.783227987,-0.119726488,1.685616163,2.249544095,68.24920506,1.411230926,-0.33,0,5.783244946,0,0,0,4.794537184,0,6.420821623,12.84164325,12.84164325,0,4.794537184,5.783244946,32.10410811,0,0,0,5.783244946,4.794537184,0,0,4.794537184,0,5.783244946,25.68328649,6.420821623,0,0,0,0,0,0,0,0.46412037,5.239490741,0,0,0.833333333,0,1,1,0,1,0,1,1,0,1,1.5196,0,0,0,0,0,0,0,0,0,0,0,0,0,0,0,0,0,0,0,0,0,0,0,0,0,0,0,0,0,0,0,1,0,1,1,1,1,0,0,0,0,0,0,0,0,0,1,1
CC(=O)Nc1ccc(O)cc1,propylene glycol,CC(O)CO,CC(O)CO,-0.160268529,298.15,8.111111111,0.138888889,-0.560185185,0.435834997,15,76.095,0.074238644,-0.393700042,0.074238644,1.8,2,16.31513815,10.4587561,4.334973682,0.109859609,1.378783493,2.539538861,18.85475297,0.264223844,-0.08,10.21305479,0,0,0,0,0,0,0,6.9237372,0,12.71084835,10.21305479,0,13.02770359,6.606881965,0,0,22.92390314,0,0,6.103966388,0,6.606881965,0,0,6.9237372,0,0,0,10.21305479,0,16.00462963,0,0,-0.560185185,1.388888889,0,1,2,2,0,0,0,1,2,2,1,0,-0.6405,0,0,0,0,0,0,0,0,0,0,1,0,0,1,0,1,0,0,0,0,0,0,0,1,0,0,1,0,0,1,0,0,0,0,0,0,1,0,0,0,0,0,1,1,1,1,0,1
CC1(C)CC(NCCCCCCNC2CC(C)(C)NC(C)(C)C2)CC(C)(C)N1,isopropyl acetate,CC(=O)OC(C)C,CC(=O)OC(C)C,-0.426253027,298.15,10.03194444,0.025462963,-0.212962963,0.460747983,9.142857143,102.133,0.3023791,-0.463155993,0.3023791,1.571428571,2,16.54066754,10.47549527,5.6553786,-0.144076112,1.272905595,3.126006652,66.48040588,0.401665913,-0.53,4.736862954,0,0,0,5.969305288,4.794537184,0,0,13.8474744,6.9237372,6.103966388,9.531400138,5.969305288,26.87517799,0,0,0,12.07327168,9.531400138,0,0,4.794537184,12.07327168,0,0,6.9237372,0,13.8474744,4.736862954,0,4.611111111,0,0,-0.212962963,0.025462963,5.044444444,0,0.8,0,2,0,0,0,0,2,2,1,0,0.9579,0,0,0,0,0,0,0,0,0,0,0,0,0,0,1,0,0,0,0,0,0,0,0,0,0,0,0,0,0,0,0,0,1,0,0,0,0,0,1,0,0,1,0,1,1,1,0,1
Brc1cc(Br)cc(Br)c1,DMAc,CC(=O)N(C)C,CC(=O)N(C)C,-0.756616172,298.15,10.06944444,0.092592593,0.092592593,0.409906883,7.833333333,87.122,0.218425131,-0.349064265,0.218425131,1.5,1.666666667,16.15120649,10.65214274,5.718427487,-0.125834617,1.360964047,3.257586161,58.56842503,0.629787781,-0.53,4.899909731,0,5.907179729,0,0,4.794537184,0,0,0,21.01908117,0,4.794537184,5.907179729,6.9237372,14.09534397,0,0,24.90243343,4.794537184,0,0,4.794537184,5.907179729,0,0,11.82364693,14.09534397,0,0,0,0,0,0,0.092592593,0,1.527777778,3.449074074,0.75,0,2,0,0,0,0,1,2,0,0,0.0945,0,1,0,0,0,0,0,0,0,0,0,0,0,0,1,0,0,1,0,0,1,1,0,0,0,0,0,0,0,0,0,0,0,0,0,0,0,0,1,0,1,1,0,0,0,1,0,1
c1ccc2cc3ccccc3cc2c1,2-ethoxyethanol,CCOCCO,CCOCCO,-1.521636925,298.15,8.072361111,0.132777778,0.132777778,0.494721251,9,90.122,0.069705198,-0.393980345,0.069705198,1.666666667,2.333333333,16.48222505,10.75243604,4.177801026,0.101572928,1.614330835,2.339092315,17.509775,0.439748805,-0.08,9.843390349,0,0,0,0,0,0,0,6.9237372,6.606881965,13.21376393,9.843390349,0,6.9237372,19.82064589,0,0,24.92717329,4.736862954,0,0,0,6.606881965,13.21376393,0,0,0,6.9237372,0,9.843390349,4.732638889,8.072361111,0,0,0,3.195,0,1,1,2,0,0,0,0,2,2,3,0,0.0152,0,0,0,0,0,0,0,0,0,0,0,0,0,1,0,1,0,1,0,1,0,0,0,1,0,1,1,0,1,0,1,1,1,0,0,1,1,1,0,0,0,0,1,1,1,1,0,1
c1ccc2cc3ccccc3cc2c1,isopentanol,CC(C)CCO,CC(C)CCO,-2.177676896,298.15,8.236666667,0.331018519,0.331018519,0.534088523,10,88.15,0.043296311,-0.396366079,0.043296311,1.5,2,16.24998626,10.15033334,4.382367208,0.267650203,1.348587896,2.627214848,25.11941548,0.706449714,-0.04,5.106527395,0,0,0,0,0,0,13.8474744,12.33872767,6.606881965,0,5.106527395,0,20.26829602,6.606881965,0,0,11.71340936,0,0,0,0,0,12.52478801,6.420821623,0,0,0,13.8474744,5.106527395,0,8.236666667,0,0.648148148,0.930555556,4.517962963,0,1,1,1,0,0,0,0,1,1,2,0,1.0248,0,0,0,0,0,0,0,0,0,0,0,0,0,0,1,1,0,0,0,0,0,0,0,1,0,0,1,0,0,1,1,1,0,0,0,0,1,0,0,0,0,1,1,1,0,1,0,1
c1cc2ccc3cccc4ccc(c1)c2c34,n-heptane,CCCCCCC,CCCCCCC,-1.122179066,298.15,2.245694444,1.361111111,1.361111111,0.476309874,9.428571429,100.205,-0.053326092,-0.065382383,0.053326092,0.714285714,1.142857143,13.86223338,10.16409857,4.354233383,0.656098566,1.690933806,2.447472888,19.21928095,1.207106781,0,0,0,0,0,0,0,0,45.95158251,0,0,0,0,0,45.95158251,0,0,0,0,0,0,0,0,0,0,0,32.10410811,0,0,13.8474744,0,0,0,0,0,7.008611111,4.491388889,0,1,0,0,0,0,0,0,0,0,4,0,2.9767,0,0,0,0,0,0,0,4,0,0,0,0,0,0,0,0,0,0,0,0,0,0,0,0,0,1,0,0,1,1,1,1,0,0,1,1,0,0,0,0,0,1,1,0,0,1,0,0
CC(=O)NCC(=O)O,ethyl formate,CCOC=O,CCOC=O,-0.012604437,298.15,9.182638889,0.430555556,0.430555556,0.43656455,6.6,74.079,0.29256542,-0.468195182,0.29256542,2,2.6,16.51630931,10.88338501,5.361538885,-0.127693588,1.405639062,2.401715223,26.07403392,0.234708048,-0.53,4.736862954,0,0,6.472220865,0,4.794537184,0,0,6.9237372,0,6.606881965,9.531400138,6.472220865,6.9237372,6.606881965,0,0,13.07910283,9.531400138,0,0,4.794537184,0,13.07910283,0,0,6.9237372,0,4.736862954,0,4.152777778,0,0,0,0,2.664583333,0,0.666666667,0,2,0,0,0,0,2,2,2,0,0.1793,0,0,0,0,0,0,0,0,0,0,0,0,0,0,0,0,0,0,0,0,0,0,0,0,0,0,1,0,1,0,0,0,1,0,0,0,0,0,0,0,0,0,1,1,1,1,0,1
O=[N+]([O-])c1ccn([N+](=O)[O-])n1,"1,2-dichloroethane",ClCCCl,ClCCCl,0.401549254,298.15,5.054012346,0.557098765,0.557098765,0.436304237,7.5,98.96,0.035889203,-0.125423431,0.035889203,1,1.25,35.49855802,10.97023492,6.254551774,1.522488761,1.370950594,1.974744871,6,0.071428571,0.58,0,0,0,0,0,0,23.20187978,0,0,11.76000689,0,0,23.20187978,0,11.76000689,0,23.20187978,11.76000689,0,0,0,0,0,11.76000689,0,0,0,0,0,23.20187978,0,0,0,1.114197531,0,0,0,1,0,0,0,0,0,0,0,2,1,0,1.464,0,0,0,0,0,0,0,0,0,0,0,0,0,0,0,0,0,0,0,0,0,0,0,0,0,0,0,0,0,0,0,1,0,0,0,0,0,1,0,0,0,0,1,0,0,0,0,0
O=[N+]([O-])c1cccc2ccccc12,n-hexanol,CCCCCCO,CCCCCCO,-0.383103818,298.15,8.292882653,0.361111111,0.361111111,0.533927882,9.428571429,102.177,0.043052406,-0.396376569,0.043052406,1.142857143,1.857142857,16.24992271,10.19933862,4.352979367,0.282705156,1.690933806,2.447472888,23.3609904,1.011667274,-0.04,5.106527395,0,0,0,0,0,0,26.18620207,6.420821623,6.606881965,0,5.106527395,0,32.60702369,6.606881965,0,0,11.71340936,0,0,0,0,0,6.606881965,6.420821623,19.26246487,0,0,6.9237372,5.106527395,0,8.292882653,0,0,4.681944444,2.525172902,0,1,1,1,0,0,0,0,1,1,4,0,1.559,0,0,0,0,0,0,0,3,0,0,0,0,0,0,0,1,0,0,1,1,0,0,0,1,0,1,1,0,1,1,1,1,0,0,1,1,1,0,0,0,0,0,1,1,0,1,0,1
c1ccc2cc3ccccc3cc2c1,2-methoxyethanol,COCCO,COCCO,-1.553536366,298.15,7.94125,0.121527778,0.121527778,0.48573367,8.4,76.095,0.069342652,-0.393980616,0.069342652,1.8,2.4,16.47203731,10.80070332,4.124600329,0.135443231,1.405639062,2.190609687,12.36452798,0.295411238,-0.08,9.843390349,0,0,0,0,0,0,0,0,7.109797541,13.21376393,9.843390349,0,0,20.32356147,0,0,25.43008887,4.736862954,0,0,0,6.606881965,6.606881965,0,0,7.109797541,0,4.736862954,5.106527395,4.440972222,7.94125,0,0,0,0.565972222,1.551805556,1,1,2,0,0,0,0,2,2,2,0,-0.3749,0,0,0,0,0,0,1,0,0,0,0,0,0,1,0,1,0,1,0,0,0,1,0,1,0,0,1,0,0,1,1,1,1,0,0,0,1,1,0,0,0,0,1,1,1,1,0,1
CC1(C)CC(NCCCCCCNC2CC(C)(C)NC(C)(C)C2)CC(C)(C)N1,isobutyl acetate,CC(=O)OCC(C)C,CC(=O)OCC(C)C,-0.395453879,298.15,10.12597222,0.195648148,-0.195648148,0.506664867,9.5,116.16,0.302132686,-0.465604426,0.302132686,1.625,2.125,16.53198487,10.24242111,5.653417432,-0.141489527,1.613568158,3.050078292,76.59772061,0.619929799,-0.53,4.736862954,0,0,0,5.969305288,4.794537184,0,13.8474744,5.917906046,6.9237372,6.606881965,9.531400138,5.969305288,20.7712116,6.606881965,0,0,12.57618725,9.531400138,0,0,4.794537184,5.969305288,12.52478801,0,6.9237372,0,13.8474744,4.736862954,0,4.664351852,0,0,0.247777778,0,5.961898148,0,0.833333333,0,2,0,0,0,0,2,2,2,0,1.2055,0,0,0,0,0,0,0,0,0,0,0,0,0,0,1,0,0,0,0,0,0,0,0,0,0,0,1,0,0,1,1,0,1,0,0,0,0,0,1,0,0,1,1,1,1,1,0,1
O=[N+]([O-])c1cc([N+](=O)[O-])c(Cl)c(Cl)c1Cl,tetrachloromethane,ClC(Cl)(Cl)Cl,ClC(Cl)(Cl)Cl,-1.401827821,298.15,4.826388889,1.611111111,-1.611111111,0.469795536,12,153.823,0.265685211,-0.066421303,0.066421303,0.8,0.8,35.62538825,11.84161175,6.831492563,1.755507437,0.721928095,3.023715784,19.11941548,0,1.16,0,0,0,3.251717758,0,0,0,46.40375956,0,0,0,0,46.40375956,3.251717758,0,0,46.40375956,3.251717758,0,0,3.251717758,0,0,0,0,0,0,0,0,46.40375956,-1.611111111,0,0,0,0,0,0,1,0,0,0,0,0,0,0,4,0,0,2.5529,0,0,0,0,0,0,0,0,0,0,0,0,0,0,0,0,0,0,0,0,0,0,0,0,1,0,0,1,0,0,0,0,0,0,0,0,0,0,0,0,0,0,0,0,0,0,0,0
CCCCCCCCCCCCCCCCCC(=O)OCCO,n-pentyl acetate,CCCCCOC(C)=O,CCCCCOC(C)=O,-0.647488939,298.15,10.18467545,0.174904573,-0.174904573,0.427719741,9.111111111,130.187,0.302122868,-0.465877688,0.302122868,1.444444444,2.111111111,16.53145174,10.25984094,5.653172444,-0.140568459,1.800576896,2.828868135,78.98533617,1.053216163,-0.53,4.736862954,0,0,0,5.969305288,4.794537184,0,19.76538045,6.420821623,6.9237372,6.606881965,9.531400138,5.969305288,33.10993927,6.606881965,0,0,12.57618725,9.531400138,0,0,4.794537184,5.969305288,6.606881965,12.84164325,13.34455882,0,0,6.9237372,4.736862954,4.705,0,0,-0.174904573,3.310143613,4.141752173,0,0.857142857,0,2,0,0,0,0,2,2,4,0,1.7397,0,0,0,0,0,0,0,2,0,0,0,0,0,0,0,0,0,0,0,0,0,0,0,0,0,1,1,0,1,1,1,1,1,0,0,1,1,0,0,0,0,1,1,1,1,1,0,1
C=CC(=O)N1CCC[C@@H](n2nc(-c3ccc(Oc4ccccc4)cc3)c3c(N)ncnc32)C1,transcutol,CCOCCOCCO,CCOCCOCCO,-0.6967663,298.15,8.256965624,0.089409722,0.089409722,0.520837195,10,134.175,0.070111804,-0.393980325,0.070111804,1.111111111,1.777777778,16.52470858,10.69813213,4.276019767,0.03699834,1.885234836,2.595082707,41.56763142,0.811757273,-0.12,14.5802533,0,0,0,0,0,0,0,6.9237372,6.606881965,26.42752786,14.5802533,0,6.9237372,33.03440982,0,0,38.14093722,9.473725908,0,0,0,6.606881965,19.82064589,6.606881965,0,0,6.9237372,0,14.5802533,9.883285147,8.256965624,0,0,0,4.359749228,0,1,1,3,0,0,0,0,3,3,6,0,0.0318,0,0,0,0,0,0,0,0,0,0,0,0,0,1,0,1,0,1,0,1,0,0,0,1,0,1,1,0,1,0,1,1,1,0,1,1,1,1,0,1,0,0,1,1,1,1,0,1
O=[N+]([O-])c1cccc2ccccc12,n-heptanol,CCCCCCCO,CCCCCCCO,-0.396679261,298.15,8.365586735,0.364795918,0.364795918,0.544191494,9.75,116.204,0.043052407,-0.396376569,0.043052407,1,1.625,16.24992366,10.15692741,4.38629622,0.282260801,1.808812125,2.530060457,29.36806555,1.261667274,-0.04,5.106527395,0,0,0,0,0,0,32.60702369,6.420821623,6.606881965,0,5.106527395,0,39.02784531,6.606881965,0,0,11.71340936,0,0,0,0,0,6.606881965,6.420821623,25.68328649,0,0,6.9237372,5.106527395,0,8.365586735,0,0,6.076218821,2.558194444,0,1,1,1,0,0,0,0,1,1,5,0,1.9491,0,0,0,0,0,0,0,4,0,0,0,0,0,0,0,1,0,0,1,1,0,0,0,1,0,1,1,0,1,1,1,1,0,0,1,1,1,0,0,0,0,0,1,1,0,1,0,1
CCCCCCCCCCCCCCCCCCCC,ethylbenzene,CCc1ccccc1,CCc1ccccc1,-1.092214537,298.15,2.162037037,1.139722222,1.139722222,0.514757822,9.125,106.168,-0.030744083,-0.062248742,0.030744083,1.125,1.75,13.85659694,10.17071031,5.13313817,1.14041522,1.903491193,2.832085835,141.3842989,1.251072953,-0.78,0,0,0,0,0,0,0,37.25557254,11.98427311,0,0,0,0,13.34455882,0,35.89528683,0,0,6.420821623,0,0,0,0,0,6.420821623,5.563451492,0,6.066367068,31.18920547,0,0,0,1.409722222,0,1.139722222,2.162037037,0,0.25,0,0,0,0,0,0,0,0,1,1,2.249,0,0,0,0,1,0,0,0,0,0,0,0,0,0,0,0,0,0,0,0,0,0,0,0,0,0,0,0,1,0,0,0,0,0,0,0,0,0,0,0,0,0,1,0,0,1,1,0
CCCCCCCCCCCCCCCCCCCC(=O)OCCO,MIBK,CC(=O)CC(C)C,CC(=O)CC(C)C,-1.681817635,298.15,10.25416667,0.287037037,0.287037037,0.515019317,9.714285714,100.161,0.129595121,-0.300019963,0.129595121,1.571428571,2,16.13721582,10.09759915,5.750462716,-0.117164907,1.272905595,3.126006652,64.58027135,0.695705769,-0.33,4.794537184,5.783244946,0,0,0,0,0,13.8474744,12.84164325,6.420821623,0,4.794537184,5.783244946,27.19203322,0,0,0,5.783244946,4.794537184,0,0,4.794537184,5.783244946,5.917906046,6.420821623,0,6.9237372,13.8474744,0,0,0,0,0,0.8125,0.722222222,5.711111111,0,0.833333333,0,1,0,0,0,0,1,1,2,0,1.6215,0,0,0,0,0,0,0,0,0,0,0,0,0,0,1,0,0,0,0,0,0,0,0,0,0,0,0,0,0,1,0,0,0,0,0,0,1,0,1,0,0,1,1,0,0,1,0,1
c1ccc2cc3ccccc3cc2c1,2-propoxyethanol,CCCOCCO,CCCOCCO,-1.534166804,298.15,8.167882653,0.138888889,0.138888889,0.523169837,9.428571429,104.149,0.069719123,-0.393980343,0.069719123,1.428571429,2.142857143,16.48282749,10.52883584,4.241716559,0.092798182,1.690933806,2.447472888,25.26112493,0.584086373,-0.08,9.843390349,0,0,0,0,0,0,6.9237372,6.420821623,6.606881965,13.21376393,9.843390349,0,13.34455882,19.82064589,0,0,24.92717329,4.736862954,0,0,0,6.606881965,6.606881965,13.02770359,0,0,6.9237372,0,9.843390349,4.881944444,8.167882653,0,0,1.027777778,3.422395125,0,1,1,2,0,0,0,0,2,2,4,0,0.4053,0,0,0,0,0,0,0,0,0,0,0,0,0,1,0,1,0,1,0,1,0,0,0,1,0,1,1,0,1,1,0,1,1,0,1,1,1,1,0,0,0,0,1,1,1,1,0,1
O=[N+]([O-])c1cccc2ccccc12,tert-butanol,CC(C)(C)O,CC(C)(C)O,-0.609244575,298.15,8.520833333,0.5,-0.5,0.449827657,12,74.123,0.056325853,-0.390760088,0.056325853,1.2,1.2,16.27984148,10.19195577,4.504159462,0.101589081,0.721928095,3.023715784,19.11941548,0,-0.04,5.106527395,0,0,0,0,0,0,0,20.7712116,0,5.601050811,5.106527395,0,26.37226241,0,0,0,10.70757821,0,0,5.601050811,0,0,0,0,0,20.7712116,0,0,5.106527395,0,8.520833333,-0.5,0,0,5.229166667,0,1,1,1,0,0,0,0,1,1,0,0,0.7772,0,0,0,0,0,0,0,0,0,0,0,0,1,0,1,0,0,0,0,0,0,0,0,0,0,0,0,1,0,0,0,0,0,0,0,0,0,0,1,0,0,1,0,1,0,1,0,1
c1ccc2cc3ccccc3cc2c1,MTBE,COC(C)(C)C,COC(C)(C)C,-1.592482075,298.15,4.9375,0.041666667,0.041666667,0.43498738,12,88.15,0.059425208,-0.379103597,0.059425208,1.166666667,1.333333333,16.4858882,10.18266724,4.546678721,0.039726571,1.351644115,3.168489873,33.69332843,0.612372436,-0.04,4.736862954,0,0,0,0,0,0,0,20.7712116,7.109797541,5.601050811,4.736862954,0,26.37226241,7.109797541,0,0,12.71084835,4.736862954,0,0,0,5.601050811,0,0,0,7.109797541,20.7712116,0,4.736862954,4.9375,0,0.041666667,0,0,6.0625,1.708333333,1,0,1,0,0,0,0,1,1,0,0,1.4313,0,0,0,0,0,0,1,0,0,0,0,0,1,0,1,0,0,0,0,0,0,1,0,0,0,0,0,1,0,0,0,0,1,0,0,0,0,0,1,0,0,1,0,1,0,1,0,1
c1ccc2cc3ccccc3cc2c1,2-butoxyethanol,CCCCOCCO,CCCCOCCO,-1.540363082,298.15,8.240586735,0.142573696,0.142573696,0.540825252,9.75,118.176,0.069719362,-0.393980343,0.069719362,1.375,2.125,16.4828714,10.35962769,4.302115955,0.090420719,1.808812125,2.530060457,31.509775,0.877853185,-0.08,9.843390349,0,0,0,0,0,0,13.34455882,6.420821623,6.606881965,13.21376393,9.843390349,0,19.76538045,19.82064589,0,0,24.92717329,4.736862954,0,0,0,6.606881965,6.606881965,19.44852521,0,0,0,6.9237372,9.843390349,4.973194444,8.240586735,0,0,2.255385488,3.530833333,0,1,1,2,0,0,0,0,2,2,5,0,0.7954,0,0,0,0,0,0,0,1,0,0,0,0,0,1,0,1,0,1,0,1,0,0,0,1,0,0,1,0,1,1,1,1,1,0,1,1,1,1,0,0,0,0,1,1,1,1,0,1
Nc1nc(N)nc(NC2CC2)n1,propionic acid,CCC(=O)O,CCC(=O)O,-1.18923387,298.15,9.368055556,0.222222222,-0.74537037,0.490844666,7.4,74.079,0.302558437,-0.481237917,0.302558437,2,2.2,16.36502672,10.52003318,5.655632416,-0.136112346,1.378783493,2.847378923,40.15772188,0.30245145,-0.53,5.106527395,0,0,0,5.969305288,4.794537184,0,6.9237372,0,6.420821623,0,9.901064579,5.969305288,13.34455882,0,0,0,11.07583268,4.794537184,0,5.969305288,4.794537184,6.420821623,0,0,0,6.9237372,0,0,5.106527395,0,7.722222222,0,-0.74537037,0.222222222,1.599537037,0,0.666666667,1,2,0,0,0,0,1,2,1,0,0.481,1,0,0,0,0,0,0,0,0,0,0,0,0,0,0,0,0,0,0,0,0,0,0,1,0,0,0,0,1,0,0,0,0,0,0,0,1,0,0,0,0,0,1,1,1,1,0,1
COc1cc(Cl)c(OC)cc1N,o-xylene,Cc1ccccc1C,Cc1ccccc1C,-1.309744242,298.15,2.12037037,1.368055556,1.368055556,0.475757685,9.25,106.168,-0.039511492,-0.061985192,0.039511492,0.875,1.25,13.89538834,10.13197218,5.227784798,1.342538973,1.768177215,3.134861511,156.1481139,1.425569669,-0.78,0,0,0,0,0,0,0,24.26546827,24.97437738,0,0,0,0,13.8474744,0,35.39237126,0,0,0,0,0,0,0,0,0,11.12690298,0,0,38.11294267,0,0,0,2.736111111,0,0,4.240740741,0,0.25,0,0,0,0,0,0,0,0,0,1,2.30344,0,0,0,0,2,0,0,0,0,0,0,0,0,0,0,0,0,0,0,0,0,0,0,0,0,0,0,0,0,0,0,0,0,0,0,0,0,0,0,0,0,1,0,0,0,1,1,0
O=S(=O)([O-])NC1CCCCC1.[Na+],formic acid,O=CO,O=CO,-0.362771345,298.15,8.361111111,0.25,-0.25,0.380160721,4,46.025,0.290128828,-0.48346661,0.290128828,2,2,16.34596656,11.66497654,5.323236904,-0.122407339,0.918295834,2.187496097,10.26466251,0,-0.53,5.106527395,0,0,6.472220865,0,4.794537184,0,0,0,0,0,9.901064579,6.472220865,0,0,0,0,11.57874826,4.794537184,0,0,0,6.472220865,0,0,0,0,0,0,9.901064579,0,6.888888889,0,0,0,-0.25,0,0,1,2,0,0,0,0,1,2,0,0,-0.2992,0,0,0,0,0,0,0,0,0,0,0,0,0,0,0,0,0,0,0,0,0,0,0,0,0,0,0,0,0,0,0,0,0,0,0,0,0,0,0,0,0,0,0,1,1,0,0,1
O=[N+]([O-])c1cccc2ccccc12,diethyl ether,CCOCC,CCOCC,0.473504035,298.15,4.833333333,0.84375,0.84375,0.475268149,8.4,74.123,0.043708413,-0.382025836,0.043708413,1.2,1.6,16.47148979,10.80069036,4.066771354,0.161762611,1.405639062,2.190609687,11.11941548,0.40824829,-0.04,4.736862954,0,0,0,0,0,0,0,13.8474744,13.21376393,0,4.736862954,0,13.8474744,13.21376393,0,0,13.21376393,4.736862954,0,0,0,0,0,13.21376393,0,0,13.8474744,0,4.736862954,4.833333333,0,0,0,0,5.666666667,0,1,0,1,0,0,0,0,1,1,2,0,1.0428,0,0,0,0,0,0,0,0,0,0,0,0,0,0,0,0,0,1,0,0,0,0,0,0,0,0,1,0,1,0,1,0,1,0,0,0,0,1,0,0,0,1,1,1,0,1,0,1
COc1cc(Cl)c(OC)cc1N,m-xylene,Cc1cccc(C)c1,Cc1cccc(C)c1,-1.385697607,298.15,2.166666667,1.337962963,1.337962963,0.475757685,9.25,106.168,-0.039764605,-0.061740871,0.039764605,1,1.5,13.8660978,10.16162066,5.197667924,1.386522421,1.642371449,3.077660438,159.8981139,1.173575314,-0.78,0,0,0,0,0,0,0,35.39237126,13.8474744,0,0,0,0,13.8474744,0,35.39237126,0,0,0,0,0,0,0,0,0,11.12690298,0,0,38.11294267,0,0,0,2.675925926,0,0,4.208333333,0,0.25,0,0,0,0,0,0,0,0,0,1,2.30344,0,0,0,0,2,0,0,0,0,0,0,0,0,0,0,0,0,0,0,0,0,0,0,0,0,0,0,0,0,0,0,0,0,0,0,0,0,0,0,0,0,1,0,0,0,1,1,0
c1cc2ccc3cccc4ccc(c1)c2c34,p-xylene,Cc1ccc(C)cc1,Cc1ccc(C)cc1,-0.165489295,298.15,2.12037037,1.329259259,1.329259259,0.475757685,9.25,106.168,-0.039774194,-0.059062579,0.039774194,0.75,1,13.85792627,10.16974647,5.18939181,1.398536374,1.769973094,3.032455532,138.8981139,1.218233513,-0.78,0,0,0,0,0,0,0,35.39237126,13.8474744,0,0,0,0,13.8474744,0,35.39237126,0,0,0,0,0,0,0,0,0,11.12690298,0,0,38.11294267,0,0,0,2.658518519,0,0,4.193333333,0,0.25,0,0,0,0,0,0,0,0,0,1,2.30344,0,0,0,0,2,0,0,0,0,0,0,0,0,0,0,0,0,0,0,0,0,0,0,0,0,0,0,0,0,0,0,0,0,0,0,0,0,0,0,0,0,1,0,0,0,1,1,0
O=[N+]([O-])c1cc([N+](=O)[O-])c(-c2c([N+](=O)[O-])cc([N+](=O)[O-])c(-c3c([N+](=O)[O-])cc([N+](=O)[O-])cc3[N+](=O)[O-])c2[N+](=O)[O-])c([N+](=O)[O-])c1,chlorobenzene,Clc1ccccc1,Clc1ccccc1,-3.681471345,298.15,5.539691358,0.793981481,0.793981481,0.483383326,8.714285714,112.559,0.040548441,-0.084344477,0.040548441,1,1.571428571,35.49569066,10.37221473,6.300461198,1.71341782,1.685616163,3.02146531,134.1073697,0.733110559,-0.49,0,0,0,0,0,0,0,29.8000411,12.13273414,5.022633314,0,0,11.60093989,0,0,35.35446866,11.60093989,0,0,5.022633314,0,0,0,0,5.022633314,0,0,30.33183534,0,11.60093989,0,0.793981481,0,0,0,0,0,0,0,0,0,0,0,0,0,1,0,1,2.34,0,0,0,0,0,0,0,0,0,0,0,0,0,0,0,0,0,0,0,0,0,0,0,0,0,0,0,0,0,0,0,0,0,0,0,0,0,0,0,0,0,0,0,0,0,0,1,0
COC(=O)NCCCCCCNC(=O)OC,dimethyl carbonate,COC(=O)OC,COC(=O)OC,-1.150202831,298.15,9.736111111,0.657407407,-0.657407407,0.403686926,7,90.078,0.507197794,-0.437621323,0.437621323,1.333333333,1.666666667,16.71404283,11.29924708,5.586087118,0.09240749,1.650022422,2.988160882,44,0.333333333,-0.73,9.473725908,0,0,0,6.15536563,0,0,0,0,0,14.21959508,14.26826309,6.15536563,0,14.21959508,0,0,20.37496071,9.473725908,0,6.15536563,4.794537184,0,0,0,14.21959508,0,0,9.473725908,0,8.076388889,0,0,0,-0.657407407,0,2.511574074,0.666666667,0,3,0,0,0,0,3,3,0,0,0.3992,0,0,0,0,0,0,2,0,0,0,0,0,0,0,0,0,0,0,0,0,0,1,0,0,1,0,0,0,0,0,0,0,1,0,0,0,0,0,0,1,0,1,0,1,1,1,0,1
c1cc2ccc3cccc4ccc(c1)c2c34,n-octane,CCCCCCCC,CCCCCCCC,-1.070727826,298.15,2.255898526,1.364795918,1.364795918,0.480610605,9.75,114.232,-0.053316205,-0.065382383,0.053316205,0.625,1,13.89465923,10.13249414,4.386659235,0.624494144,1.808812125,2.530060457,25.01955001,1.457106781,0,0,0,0,0,0,0,0,52.37240414,0,0,0,0,0,52.37240414,0,0,0,0,0,0,0,0,0,0,0,38.52492974,0,0,13.8474744,0,0,0,0,0,8.488202948,4.511797052,0,1,0,0,0,0,0,0,0,0,5,0,3.3668,0,0,0,0,0,0,0,5,0,0,0,0,0,0,0,0,0,0,0,0,0,0,0,0,0,1,0,0,1,1,1,1,0,0,1,1,0,0,0,0,0,1,1,0,0,1,0,0
O=S(=O)([O-])NC1CCCCC1.[Na+],formamide,NC=O,NC=O,-0.078644696,298.15,8.583333333,0.25,0.25,0.352325513,4,45.041,0.204030793,-0.37226357,0.204030793,2,2,16.1359714,11.50093462,5.416411214,-0.106454839,0.918295834,2.187496097,12.26466251,0,-0.53,5.733667477,0,6.410095306,0,0,4.794537184,0,0,0,0,0,4.794537184,6.410095306,0,0,0,0,6.410095306,4.794537184,0,0,0,6.410095306,0,0,0,0,0,5.733667477,4.794537184,0,0,4.166666667,0,0.25,0,0,0,2,2,0,0,0,0,1,2,0,0,-0.8985,0,0,1,0,0,0,0,0,0,0,0,0,0,0,0,0,0,0,0,0,0,0,0,0,0,0,0,0,0,0,0,0,0,0,0,0,0,0,0,0,0,0,0,0,0,0,0,1
Cc1ccc(S(N)(=O)=O)cc1,cyclopentanone,O=C1CCCC1,O=C1CCCC1,0.305903359,298.15,10.24305556,0.453703704,0.453703704,0.429680103,22.33333333,84.118,0.132411741,-0.299717906,0.132411741,1.166666667,1.666666667,16.13811517,10.35749367,5.794964875,-0.116862123,1.86382639,2.367351851,58.33869643,1.161230926,-0.33,0,5.783244946,0,0,0,4.794537184,0,0,12.84164325,12.84164325,0,4.794537184,5.783244946,25.68328649,0,0,0,5.783244946,4.794537184,0,0,4.794537184,0,5.783244946,25.68328649,0,0,0,0,0,0,0,0,0.453703704,3.969907407,0,0,0.8,0,1,1,0,1,0,1,1,0,1,1.1295,0,0,0,0,0,0,0,0,0,0,0,0,0,0,0,0,0,0,0,0,0,0,0,0,0,0,0,0,0,0,0,1,0,1,0,1,1,0,0,0,0,0,0,0,0,0,0,1
O=[N+]([O-])c1cc([N+](=O)[O-])c(-c2c([N+](=O)[O-])cc([N+](=O)[O-])c(-c3c([N+](=O)[O-])cc([N+](=O)[O-])cc3[N+](=O)[O-])c2[N+](=O)[O-])c([N+](=O)[O-])c1,anisole,COc1ccccc1,COc1ccccc1,-2.777751941,298.15,4.914166667,0.909722222,0.909722222,0.531625315,8.625,108.14,0.118357715,-0.496768569,0.118357715,1.125,1.75,16.46524046,10.34190591,5.198905536,0.414570217,1.903491193,2.832085835,145.7328145,0.978907426,-0.98,4.736862954,5.749511833,0,0,0,0,0,18.19910121,12.13273414,0,7.109797541,4.736862954,0,0,7.109797541,30.33183534,0,7.109797541,0,0,0,0,0,0,5.749511833,0,7.109797541,30.33183534,0,4.736862954,4.914166667,0,0,0.909722222,0,0,1.662037037,0.142857143,0,1,0,0,0,0,1,1,1,1,1.6952,0,0,0,0,0,0,1,0,0,0,0,0,0,0,0,0,0,0,0,0,0,1,0,0,0,0,0,0,0,0,0,0,1,1,0,0,0,0,0,0,0,0,0,1,0,1,1,1
O=[N+]([O-])c1c[nH]cn1,gamma-butyrolactone,O=C1CCCO1,O=C1CCCO1,-1.523584999,298.15,10.02083333,0.046296296,-0.046296296,0.396777661,21,86.09,0.305409841,-0.465656557,0.305409841,1.666666667,2.5,16.53773672,10.38048205,5.702906502,-0.137453298,1.86382639,2.367351851,59.9483369,0.788288118,-0.53,4.736862954,0,0,0,5.969305288,4.794537184,0,0,6.420821623,6.420821623,6.606881965,9.531400138,5.969305288,12.84164325,6.606881965,0,0,12.57618725,9.531400138,0,0,4.794537184,5.969305288,13.02770359,6.420821623,0,0,0,4.736862954,0,4.513888889,0,0,-0.046296296,1.540509259,0.637731481,0,0.75,0,2,0,1,1,0,2,2,0,1,0.3234,0,0,0,0,0,1,0,0,0,0,0,1,0,0,0,0,1,0,0,0,0,0,0,0,0,0,1,0,0,0,0,1,0,1,0,1,1,0,0,0,0,0,0,1,1,0,0,1
C=C(C)[C@@H]1CC[C@]2(CO)CC[C@]3(C)[C@H](CC[C@@H]4[C@@]5(C)CC[C@H](O)C(C)(C)[C@@H]5CC[C@]43C)[C@@H]12,n-dodecane,CCCCCCCCCCCC,CCCCCCCCCCCC,-4.180502171,298.15,2.279016097,1.370867769,1.370867769,0.430464304,10.5,170.34,-0.053305974,-0.065382383,0.053305974,0.416666667,0.666666667,13.96040481,10.07005825,4.452404811,0.562058249,2.098390961,2.727242813,56.4385619,2.457106781,0,0,0,0,0,0,0,0,78.05569063,0,0,0,0,0,78.05569063,0,0,0,0,0,0,0,0,0,0,0,64.20821623,0,0,13.8474744,0,0,0,0,0,14.44196781,4.558032194,0,1,0,0,0,0,0,0,0,0,9,0,4.9272,0,0,0,0,0,0,0,9,0,0,0,0,0,0,0,0,0,0,0,0,0,0,0,0,0,1,0,0,1,1,1,1,0,0,1,1,0,0,0,0,0,1,1,0,0,1,0,0
C=C(C)[C@@H]1CC[C@]2(CO)CC[C@]3(C)[C@H](CC[C@@H]4[C@@]5(C)CC[C@H](O)C(C)(C)[C@@H]5CC[C@]43C)[C@@H]12,n-nonanol,CCCCCCCCCO,CCCCCCCCCO,-1.903663313,298.15,8.46895479,0.36882716,0.36882716,0.544619376,10.2,144.258,0.043052407,-0.396376569,0.043052407,0.8,1.3,16.24992522,10.10604694,4.428013035,0.282028181,1.967154472,2.647604849,44.68995594,1.761667274,-0.04,5.106527395,0,0,0,0,0,0,45.44866694,6.420821623,6.606881965,0,5.106527395,0,51.86948856,6.606881965,0,0,11.71340936,0,0,0,0,0,6.606881965,6.420821623,38.52492974,0,0,6.9237372,5.106527395,0,8.46895479,0,0,8.932334184,2.598711026,0,1,1,1,0,0,0,0,1,1,7,0,2.7293,0,0,0,0,0,0,0,6,0,0,0,0,0,0,0,1,0,0,1,1,0,0,0,1,0,1,1,0,1,1,1,1,0,0,1,1,1,0,0,0,0,0,1,1,0,1,0,1
CN1c2ccccc2C(=O)N2CCc3c([nH]c4ccccc34)[C@H]21,n-pentane,CCCCC,CCCCC,-4.853339952,298.15,2.211805556,1.34375,1.34375,0.46878551,8.4,72.151,-0.053831315,-0.065382555,0.053831315,1,1.4,13.74496242,10.27970514,4.236962415,0.771705139,1.405639062,2.190609687,7.509775004,0.707106781,0,0,0,0,0,0,0,0,33.10993927,0,0,0,0,0,33.10993927,0,0,0,0,0,0,0,0,0,0,0,19.26246487,0,0,13.8474744,0,0,0,0,0,4.076388889,4.423611111,0,1,0,0,0,0,0,0,0,0,2,0,2.1965,0,0,0,0,0,0,0,2,0,0,0,0,0,0,0,0,0,0,0,0,0,0,0,0,0,0,0,0,1,1,1,1,0,0,0,0,0,0,0,0,0,1,1,0,0,1,0,0
O=c1[nH]cc(F)c(=O)[nH]1,n-butyric acid,CCCC(=O)O,CCCC(=O)O,-2.566467819,298.15,9.599305556,0.291666667,-0.710648148,0.543440747,8.166666667,88.106,0.302828937,-0.481230516,0.302828937,1.833333333,2.333333333,16.36510567,10.35073867,5.659492541,-0.136528827,1.348587896,2.83125711,49.509775,0.463865471,-0.53,5.106527395,0,0,0,5.969305288,4.794537184,0,6.9237372,6.420821623,6.420821623,0,9.901064579,5.969305288,19.76538045,0,0,0,11.07583268,4.794537184,0,5.969305288,4.794537184,0,6.420821623,6.420821623,0,0,6.9237372,0,5.106527395,0,7.913472222,0,-0.710648148,1.023148148,1.841388889,0,0.75,1,2,0,0,0,0,1,2,2,0,0.8711,1,0,0,0,0,0,0,0,0,0,0,0,0,0,0,0,0,0,1,0,0,0,0,1,0,0,0,0,1,1,0,1,0,0,0,0,1,0,0,0,0,0,1,1,1,1,0,1
O=[N+]([O-])c1cccc2ccccc12,n-decanol,CCCCCCCCCCO,CCCCCCCCCCO,-0.428874008,298.15,8.507012641,0.37,0.37,0.53804028,10.36363636,158.285,0.043052407,-0.396376569,0.043052407,0.727272727,1.181818182,16.24992598,10.0901004,4.441733181,0.282004874,2.033930993,2.690915527,53.89311688,2.011667274,-0.04,5.106527395,0,0,0,0,0,0,51.86948856,6.420821623,6.606881965,0,5.106527395,0,58.29031018,6.606881965,0,0,11.71340936,0,0,0,0,0,6.606881965,6.420821623,44.94575136,0,0,6.9237372,5.106527395,0,8.507012641,0,0,10.38116134,2.611826014,0,1,1,1,0,0,0,0,1,1,8,0,3.1194,0,0,0,0,0,0,0,7,0,0,0,0,0,0,0,1,0,0,1,1,0,0,0,1,0,1,1,0,1,1,1,1,0,0,1,1,1,0,0,0,0,0,1,1,0,1,0,1