NO,Web of Science Index,Drug,Drug_smiles,Solvent_name,Solvent_1_smiles,Solvent_1_weight_fraction,Solvent_1_mol_fraction,Solvent_1_mol_fraction.1,Solvent_2,Solvent_2_smiles,DOI,group,Solubility (mol/mol),value,Solvent_1_fraction_mol,Temperature (K),MaxAbsEStateIndex-S1,MinAbsEStateIndex-S1,MinEStateIndex-S1,qed-S1,SPS-S1,MolWt-S1,MinPartialCharge-S1,MinAbsPartialCharge-S1,FpDensityMorgan1-S1,FpDensityMorgan2-S1,BCUT2D_MWHI-S1,BCUT2D_MRLOW-S1,BertzCT-S1,Chi3n-S1,HallKierAlpha-S1,Kappa3-S1,PEOE_VSA1-S1,PEOE_VSA10-S1,PEOE_VSA12-S1,PEOE_VSA14-S1,PEOE_VSA2-S1,PEOE_VSA3-S1,PEOE_VSA4-S1,PEOE_VSA5-S1,PEOE_VSA6-S1,PEOE_VSA7-S1,PEOE_VSA8-S1,SMR_VSA1-S1,SMR_VSA10-S1,SMR_VSA4-S1,SMR_VSA5-S1,SMR_VSA6-S1,SMR_VSA7-S1,SlogP_VSA12-S1,SlogP_VSA3-S1,TPSA-S1,EState_VSA1-S1,EState_VSA10-S1,EState_VSA2-S1,EState_VSA3-S1,EState_VSA4-S1,EState_VSA5-S1,EState_VSA7-S1,EState_VSA8-S1,VSA_EState1-S1,VSA_EState3-S1,VSA_EState5-S1,VSA_EState7-S1,VSA_EState8-S1,VSA_EState9-S1,NOCount-S1,NumAliphaticCarbocycles-S1,NumAliphaticHeterocycles-S1,NumAtomStereoCenters-S1,NumHAcceptors-S1,NumRotatableBonds-S1,NumSaturatedCarbocycles-S1,RingCount-S1,MolLogP-S1,fr_NH0-S1,fr_Ndealkylation2-S1,fr_aryl_methyl-S1,fr_ether-S1,fr_methoxy-S1,fr_morpholine-S1,fr_unbrch_alkane-S1
1,36,Guanidine hydrochloride,C(=N)(N)N.Cl,Dimethylformamide,N(C=O)(C)C,0.1001,0.083790099,0.083790099,1-Propanol,C(CO)C,doi.org/10.1016/j.molliq.2023.122902,23.36111111,0.0694,-1.15864053,0.083790099,278.15,9.430555556,0.75,0.75,0.39026824,6.8,73.095,-0.351386795,0.208684718,1.6,1.8,16.14126441,-0.11544113,33.87430298,0.210818511,-0.53,3.47,4.899909731,0,6.410095306,0,4.794537184,0,0,0,0,0,14.09534397,4.794537184,6.410095306,0,0,14.09534397,0,0,4.794537184,20.31,0,4.794537184,0,0,6.410095306,4.899909731,0,0,0,0,0,0.75,0,3.375,2,0,0,0,1,1,0,0,-0.2956,1,0,0,0,0,0,0
51,36,Guanidine hydrochloride,C(=N)(N)N.Cl,2-Methoxyethanol,C(CO)OC,0.1001,0.080753483,0.080753483,1-Propanol,C(CO)C,doi.org/10.1016/j.molliq.2023.122902,21.87180556,0.06989,-1.15558496,0.080753483,278.15,7.94125,0.121527778,0.121527778,0.48573367,8.4,76.095,-0.393980616,0.069342652,1.8,2.4,16.47203731,0.135443231,12.36452798,0.295411238,-0.08,3.92,9.843390349,0,0,0,0,0,0,0,0,0,7.109797541,9.843390349,0,0,0,20.32356147,0,0,4.736862954,29.46,0,0,6.606881965,6.606881965,0,0,0,4.736862954,4.440972222,7.94125,0,0,0.565972222,1.551805556,2,0,0,0,2,2,0,0,-0.3749,0,0,0,1,1,0,0
101,36,Guanidine hydrochloride,C(=N)(N)N.Cl,Methanol,CO,0.1001,0.172613318,0.172613318,1-Propanol,C(CO)C,doi.org/10.1016/j.molliq.2023.122902,20.93055556,0.05598,-1.251967106,0.172613318,278.15,7,1,1,0.385284404,3,32.042,-0.399630244,0.031940684,1.5,1.5,16.23570303,0.398992515,2,0,-0.04,-27.04,5.106527395,0,0,0,0,0,0,0,0,0,7.109797541,5.106527395,0,0,0,7.109797541,0,0,0,20.23,0,0,0,0,7.109797541,0,0,0,0,7,0,0,0,1,1,0,0,0,1,0,0,0,-0.3915,0,0,0,0,0,0,0
151,36,Guanidine hydrochloride,C(=N)(N)N.Cl,N-methyl-2-pyrrolidone,O=C1N(C)CCC1,0.1001,0.063172324,0.063172324,1-Propanol,C(CO)C,doi.org/10.1016/j.molliq.2023.122902,24.43055556,0.0569,-1.244887734,0.063172324,278.15,10.5,0.291666667,0.291666667,0.425686211,21.28571429,99.133,-0.345748915,0.221873564,1.714285714,2.428571429,16.15310778,-0.126031391,90.080944,1.309920344,-0.53,0.734423082,4.899909731,0,5.907179729,0,4.794537184,0,0,0,0,6.420821623,20.01325001,4.794537184,5.907179729,0,12.84164325,13.59242839,0,0,4.794537184,20.31,0,4.794537184,0,5.907179729,19.38639965,0,7.047671983,0,0,0,0.291666667,1.811342593,0.957175926,1.842592593,2,0,1,0,1,0,0,1,0.2386,1,1,0,0,0,0,0
201,55,Glucosamine hydrochloride,[C@H]([C@@H]([C@@H](CO)O)O)([C@H](C=O)N)O.Cl,Water,O,,0,0,Methanol,CO,doi.org/10.1016/j.molliq.2023.122564,17.02142621,0.0008012,-3.096259059,0,283.15,0,0,0,0.327747677,0,18.015,-0.411509522,0.411509522,1,1,15.999,0.8238,0,0,-0.04,-104.04,5.476191836,0,0,0,0,0,0,0,0,0,0,5.476191836,0,0,0,0,0,0,0,31.5,0,0,5.476191836,0,0,0,0,0,0,0,0,0,0,0,1,0,0,0,0,0,0,0,-0.8247,0,0,0,0,0,0,0
327,57,2-Amino-6-chloropyrazine,ClC1=NC(N)=CN=C1,Ethanol,C(C)O,0.9,0.778731436,0.778731436,Water,O,doi.org/10.1016/j.jct.2023.107109,12.96080247,0.001236,-2.907981529,0.778731436,278.15,7.569444444,0.25,0.25,0.406807966,6,46.069,-0.396663715,0.040220582,2,2,16.24899133,0.318405613,2.754887502,0,-0.04,1.96,5.106527395,0,0,0,0,0,0,0,0,6.9237372,6.606881965,5.106527395,0,0,6.9237372,6.606881965,0,0,0,20.23,0,0,6.606881965,0,0,0,0,0,0,7.569444444,0,0,1.930555556,0,1,0,0,0,1,0,0,0,-0.0014,0,0,0,0,0,0,0
417,57,2-Amino-6-chloropyrazine,ClC1=NC(N)=CN=C1,1-Propanol,C(CO)C,0.9,0.729578682,0.729578682,Water,O,doi.org/10.1016/j.jct.2023.107109,13.26635802,0.003484,-2.457921854,0.729578682,278.15,7.875,0.319444444,0.319444444,0.463783983,7.5,60.096,-0.396387351,0.04278928,1.75,2,16.2498503,0.294768568,5.245112498,0.223606798,-0.04,1.96,5.106527395,0,0,0,0,0,0,0,6.9237372,6.420821623,6.606881965,5.106527395,0,0,13.34455882,6.606881965,0,0,0,20.23,0,0,0,6.606881965,6.420821623,0,6.9237372,0,0,7.875,0,0.875,2.25,0,1,0,0,0,1,1,0,0,0.3887,0,0,0,0,0,0,0
507,57,2-Amino-6-chloropyrazine,ClC1=NC(N)=CN=C1,Propylene glycol,C(CO)(C)O,0.9,0.680581791,0.680581791,Water,O,doi.org/10.1016/j.jct.2023.107109,13.50246914,0.000707,-3.150580586,0.680581791,278.15,8.111111111,0.138888889,-0.560185185,0.435834997,15,76.095,-0.393700042,0.074238644,1.8,2,16.31513815,0.109859609,18.85475297,0.264223844,-0.08,3.92,10.21305479,0,0,0,0,0,0,0,0,6.9237372,0,10.21305479,0,0,13.02770359,6.606881965,0,0,0,40.46,6.103966388,0,6.606881965,0,0,6.9237372,0,0,0,16.00462963,0,-0.560185185,1.388888889,0,2,0,0,1,2,1,0,0,-0.6405,0,0,0,0,0,0,0
759,60,Thiamine nitrate,N(=O)(=O)[O-].C([N+]=1C(C)=C(CCO)SC1)C=2C(N)=NC(C)=NC2,Acetone,C(C)(C)=O,,0,0.1,Water,O,doi.org/10.3390/molecules28135012,18.41962729,0.00127,-2.896196279,0.1,278.15,9.444444444,0.166666667,0.166666667,0.398236962,6.5,58.08,-0.300343903,0.126267944,1.5,1.5,16.136528,-0.114492595,26.26466251,0,-0.33,6.883957759,4.794537184,5.783244946,0,0,0,0,0,0,0,13.8474744,0,4.794537184,5.783244946,0,13.8474744,0,0,0,4.794537184,17.07,0,4.794537184,5.783244946,0,0,13.8474744,0,0,0,0,0.166666667,0,3.055555556,0,1,0,0,0,1,0,0,0,0.5953,0,0,0,0,0,0,0
815,60,Thiamine nitrate,N(=O)(=O)[O-].C([N+]=1C(C)=C(CCO)SC1)C=2C(N)=NC(C)=NC2,2-Propanol,C(C)(C)O,,0,0.1,Water,O,doi.org/10.3390/molecules28135012,17.0307384,0.000813,-3.089909454,0.1,278.15,8.055555556,0.166666667,-0.166666667,0.428404794,9,60.096,-0.393706902,0.048347612,1.5,1.5,16.26364309,0.215624827,8,0,-0.04,1128.96,5.106527395,0,0,0,0,0,0,0,0,13.8474744,6.103966388,5.106527395,0,0,19.95144079,0,0,0,0,20.23,0,0,6.103966388,0,0,0,0,0,0,8.055555556,0,-0.166666667,3.444444444,0,1,0,0,0,1,0,0,0,0.3871,0,0,0,0,0,0,0
871,66,Aripiprazole,O(CCCCN1CCN(CC1)C2=C(Cl)C(Cl)=CC=C2)C=3C=C4C(=CC3)CCC(=O)N4,Butanone,C(CC)(C)=O,,0,0,1-Propanol,C(CO)C,doi.org/10.1016/j.molliq.2023.122434,29.23456748,0.000495,-3.305394801,0,278.15,9.8125,0.25462963,0.25462963,0.451050805,7.6,72.107,-0.300042385,0.129065033,1.8,2,16.13711378,-0.116198589,38.91260938,0.497890958,-0.33,3.67,4.794537184,5.783244946,0,0,0,0,0,0,6.9237372,6.9237372,6.420821623,4.794537184,5.783244946,0,20.26829602,0,0,0,4.794537184,17.07,0,4.794537184,5.783244946,6.420821623,0,0,6.9237372,0,0,0,0.25462963,0.666666667,3.43287037,0,1,0,0,0,1,1,0,0,0.9854,0,0,0,0,0,0,0
1168,68,Itraconazole,C([C@]1(O[C@@H](COC2=CC=C(C=C2)N3CCN(CC3)C4=CC=C(C=C4)N5C(=O)N(C(CC)C)N=C5)CO1)C6=C(Cl)C=C(Cl)C=C6)N7C=NC=N7,Dichloromethane,C(Cl)Cl,0,0,0,Methanol,CO,doi.org/10.1016/j.jct.2023.107115,24.56540471,0.0000235,-4.628932138,0,288.15,4.763888889,0.194444444,0.194444444,0.389962107,6,84.933,-0.10913233,0.09670639,1.333333333,1.333333333,35.53900508,2.204917085,2.754887502,0,0.58,2.58,0,0,0,0,0,0,0,23.20187978,0,0,0,0,23.20187978,0,0,5.339185267,0,23.20187978,0,0,0,0,5.339185267,0,0,0,0,0,0,0.194444444,0,0,0,0,0,0,0,0,0,0,0,0,1.4215,0,0,0,0,0,0,0
1388,68,Itraconazole,C([C@]1(O[C@@H](COC2=CC=C(C=C2)N3CCN(CC3)C4=CC=C(C=C4)N5C(=O)N(C(CC)C)N=C5)CO1)C6=C(Cl)C=C(Cl)C=C6)N7C=NC=N7,Chloroform,C(Cl)(Cl)Cl,0,0,0,Methanol,CO,doi.org/10.1016/j.jct.2023.107115,24.60707138,0.0000235,-4.628932138,0,288.15,4.805555556,0.75,-0.75,0.427859176,9,119.378,-0.087411528,0.087411528,1,1,35.58227356,1.960652685,8,0,0.87,13.25948342,0,0,0,0,0,0,0,0,34.80281967,0,0,0,34.80281967,0,4.295451512,0,0,34.80281967,0,0,4.295451512,0,0,0,0,0,0,0,-0.75,0,0,0,0,0,0,0,0,0,0,0,0,0,1.9864,0,0,0,0,0,0,0
1940,89,Allantoin,N(C(N)=O)C1NC(=O)NC1=O,Ethylene glycol,C(CO)O,,0,0,Water,O,doi.org/10.1080/00986445.2023.2218268,18.28046296,0.000448,-3.348721986,0,288.15,7.625,0.125,-0.125,0.407527891,7.5,62.068,-0.393990542,0.06622664,1,1.25,16.30425825,0.185938562,6,0.1,-0.08,1.92,10.21305479,0,0,0,0,0,0,0,0,0,0,10.21305479,0,0,0,13.21376393,0,0,0,40.46,0,0,13.21376393,0,0,0,0,0,0,15.25,0,0,-0.25,0,2,0,0,0,2,1,0,0,-1.029,0,0,0,0,0,0,0
4286,227,Acetaminophen,N(C(C)=O)C1=CC=C(O)C=C1,Dimethyl sulfoxide,S(C)(C)=O,,0,0,Water,O,doi.org/10.3390/pharmaceutics14122828,20.08002409,0.002,-2.698970004,0,298.15,9.555555556,0.611111111,-0.611111111,0.398185077,8.75,78.136,-0.260157963,0.014804214,1.5,1.5,32.19696041,0.690011823,29.01955001,0,0.15,126.3722222,0,0,0,0,4.208898492,0,0,0,0,0,23.31110741,4.208898492,10.79956904,0,0,12.51153837,0,0,10.79956904,17.07,10.79956904,4.208898492,0,0,0,0,0,0,9.555555556,0,0,3.277777778,0,-0.611111111,1,0,0,0,1,0,0,0,-0.0053,0,0,0,0,0,0,0
4330,227,Acetaminophen,N(C(C)=O)C1=CC=C(O)C=C1,4-Formylmorpholine,C(=O)N1CCOCC1,,0,0.2,Water,O,doi.org/10.3390/pharmaceutics14122828,20.55474632,0.0518,-1.28567024,0.2,298.15,10.03027778,0.693194444,0.693194444,0.430034913,20.75,115.132,-0.377774583,0.209363331,1.375,2,16.47771274,-0.1213804,78.49785514,1.194747175,-0.57,1.198350597,9.636772685,0,6.410095306,0,4.794537184,0,0,0,0,0,13.08951281,9.531400138,6.410095306,0,0,26.30327674,0,0,9.531400138,29.54,0,4.794537184,0,13.21376393,19.49960812,0,0,0,5.000972222,0,0,0.863611111,2.893333333,0,3,0,1,0,2,1,0,1,-0.525,1,0,0,1,0,1,0
4790,264,5-Nitrosalicylic acid,C(O)(=O)C1=CC(N(=O)=O)=CC=C1O,Acetonitrile,C(C)#N,0,0,0,Water,O,doi.org/10.1016/j.jct.2022.106936,17.73342593,0.00003027,-4.518987579,0,278.15,7.319444444,1.430555556,1.430555556,0.38698058,2.666666667,41.053,-0.198658426,0.058714824,2,2,14.19977254,1.489653195,24.26466251,0,-0.51,1.49,0,0,0,0,0,0,5.261891555,0,0,0,6.9237372,0,0,0,6.9237372,0,0,0,0,23.79,0,0,0,0,0,6.9237372,0,0,0,7.319444444,0,0,1.430555556,0,1,0,0,0,1,0,0,0,0.52988,1,0,0,0,0,0,0
4900,266,Diacerein,O(C(C)=O)C1=C2C(C(=O)C=3C(C2=O)=C(OC(C)=O)C=CC3)=CC(C(O)=O)=C1,Ethyl acetate,O(C(C)=O)CC,0.1,0.070448391,0.070448391,2-Propanol,C(C)(C)O,doi.org/10.1016/j.jct.2022.106850,30.93415202,0.00001079,-4.966978555,0.070448391,273.15,9.821527778,0.210648148,-0.210648148,0.437850878,7.666666667,88.106,-0.46617189,0.302112778,1.833333333,2.333333333,16.53089092,-0.139887661,49.509775,0.3476007,-0.53,3.47,4.736862954,0,0,5.969305288,4.794537184,0,0,0,0,6.9237372,6.9237372,9.531400138,5.969305288,0,13.8474744,6.606881965,0,0,9.531400138,26.3,0,4.794537184,5.969305288,6.606881965,0,6.9237372,0,4.736862954,4.402777778,0,-0.210648148,0,3.653009259,0,2,0,0,0,2,1,0,0,0.5694,0,0,0,1,0,0,0
4981,266,Diacerein,O(C(C)=O)C1=C2C(C(=O)C=3C(C2=O)=C(OC(C)=O)C=CC3)=CC(C(O)=O)=C1,Dimethylacetamide,C(N(C)C)(C)=O,0.1,0.022459429,0.022459429,Water,O,doi.org/10.1016/j.jct.2022.106850,23.12651313,0.000001501,-5.823619308,0.022459429,278.15,10.06944444,0.092592593,0.092592593,0.409906883,7.833333333,87.122,-0.349064265,0.218425131,1.5,1.666666667,16.15120649,-0.125834617,58.56842503,0.629787781,-0.53,1.758184438,4.899909731,0,5.907179729,0,4.794537184,0,0,0,0,0,21.01908117,4.794537184,5.907179729,0,6.9237372,14.09534397,0,0,4.794537184,20.31,0,4.794537184,5.907179729,0,0,11.82364693,0,0,0,0,0.092592593,0,1.527777778,3.449074074,2,0,0,0,1,0,0,0,0.0945,1,0,0,0,0,0,0
5692,301,Pazopanib,CC1=C2C(C=C(N(C)C3=NC(NC4=CC(S(N)(=O)=O)=C(C)C=C4)=NC=C3)C=C2)=NN1C,1-Butanol,C(CC)CO,0,0,0,Acetonitrile,C(C)#N,doi.org/10.1021/acs.jced.1c00548,27.16552016,0.00000108,-5.966576245,0,288.15,8.06625,0.34375,0.34375,0.512821799,8.4,74.123,-0.396376752,0.043042283,1.6,2.2,16.24991399,0.286783838,11.11941548,0.511667274,-0.04,3.96,5.106527395,0,0,0,0,0,0,0,13.34455882,6.420821623,6.606881965,5.106527395,0,0,19.76538045,6.606881965,0,0,0,20.23,0,0,0,6.606881965,12.84164325,0,0,6.9237372,0,8.06625,0,2.038194444,2.395555556,0,1,0,0,0,1,2,0,0,0.7788,0,0,0,0,0,0,1
8335,374,2-(Diacetoxymethyl)-5-nitrofuran,C(OC(C)=O)(OC(C)=O)C=1OC(N(=O)=O)=CC1,Tetrahydrofuran,C1CCOC1,,0,0,Acetonitrile,C(C)#N,doi.org/10.1021/acs.jced.1c00750,23.0244761,0.0016,-2.795880017,0,278.15,4.944444444,1,1,0.410937601,24,72.107,-0.381449382,0.04663817,1,1.6,16.47808085,0.197833493,15.21928095,0.827350269,-0.04,0.618363684,4.736862954,0,0,0,0,0,0,0,0,12.84164325,13.21376393,4.736862954,0,0,12.84164325,13.21376393,0,0,4.736862954,9.23,0,0,0,0,13.21376393,12.84164325,0,0,4.944444444,0,0,2.555555556,2,0,1,0,1,0,1,0,0,1,0.7968,0,0,0,1,0,0,0
10673,494,Tiopronin,C(NCC(O)=O)(C(C)S)=O,Isobutanol,C(CO)(C)C,0,0,0,Toluene,CC1=CC=CC=C1,doi.org/10.1021/acs.jced.1c00505,20.82328704,0.00033,-3.48148606,0,273.15,8.143518519,0.305555556,0.305555556,0.483480244,9.6,74.123,-0.396109844,0.045348804,1.6,1.8,16.25082235,0.247962689,17.60964047,0.365148372,-0.04,3.96,5.106527395,0,0,0,0,0,0,0,13.8474744,5.917906046,6.606881965,5.106527395,0,5.917906046,13.8474744,6.606881965,0,0,0,20.23,0,0,0,12.52478801,0,0,13.8474744,0,0,8.143518519,0.439814815,0,4.25,0,1,0,0,0,1,1,0,0,0.6347,0,0,0,0,0,0,0
12883,570,Flutamide,C(F)(F)(F)C1=C(N(=O)=O)C=CC(NC(C(C)C)=O)=C1,"1,4-Dioxane",C1COCCO1,0,0,0,Water,O,doi.org/10.1016/j.jct.2021.106611,17.61200633,0.000000317,-6.498940738,0,283.15,4.944444444,0.777777778,0.777777778,0.41574925,24,88.106,-0.376667636,0.070114395,0.666666667,1,16.56430083,-0.033358206,21.01955001,0.744016936,-0.08,0.953692476,9.473725908,0,0,0,0,0,0,0,0,0,0,9.473725908,0,0,0,26.42752786,0,0,9.473725908,18.46,0,0,0,0,26.42752786,0,0,0,9.888888889,0,0,0,3.111111111,0,2,0,1,0,2,0,0,1,0.0332,0,0,0,2,0,0,0
13452,600,"6鈥怋romo-2-chloro-8-cyclopentyl-5-methylpyrido[2,3]pyrimidin- 7(8H)鈥恛ne",O=C1N(C=2C(C(C)=C1Br)=CN=C(Cl)N2)C3CCCC3,Isophorone,CC1(C)CC(C)=CC(=O)C1,,0,0.1,2-Propanol,C(C)(C)O,doi.org/10.1021/acs.jced.1c00362,31.5827192,0.0002071,-3.683819901,0.1,278.15,11.01270833,0.204282407,0.204282407,0.501755282,24.3,138.21,-0.294844131,0.155678092,1.4,2,16.13770495,-0.116515215,186.9049472,1.817563683,-0.59,1.693077005,0,0,0,0,4.794537184,0,0,0,19.42057893,24.8355694,6.420821623,4.794537184,5.783244946,5.414990469,33.61285484,0,11.64912464,0,4.794537184,17.07,0,4.794537184,11.19823542,6.420821623,6.420821623,5.57310453,6.9237372,13.8474744,0,0,0.28587963,3.549930556,6.307152778,0,1,1,0,0,1,0,0,1,2.3218,0,0,0,0,0,0,0
13803,618,Clozapine,CN1CCN(C=2C=3C(NC=4C(N2)=CC(Cl)=CC4)=CC=CC3)CC1,"1,2-Dichloroethane",C(CCl)Cl,0.1,0.093755374,0.093755374,Toluene,CC1=CC=CC=C1,doi.org/10.1016/j.molliq.2021.116733,13.31388545,0.006998,-2.155026062,0.093755374,293.15,5.054012346,0.557098765,0.557098765,0.436304237,7.5,98.96,-0.125423431,0.035889203,1,1.25,35.49855802,1.522488761,6,0.071428571,0.58,2.58,0,0,0,0,0,0,0,23.20187978,0,0,11.76000689,0,23.20187978,0,0,11.76000689,0,23.20187978,0,0,0,0,0,11.76000689,0,0,0,0,0,0,1.114197531,0,0,0,0,0,0,0,0,1,0,0,1.464,0,0,0,0,0,0,0
16128,699,Cloxiquine,ClC=1C2=C(C(O)=CC1)N=CC=C2,2-Ethoxyethanol,C(OCC)CO,0.2001,0.113377784,0.113377784,Ethanol,C(C)O,doi.org/10.1016/j.jct.2020.106315,25.01631173,0.003095,-2.509339347,0.113377784,278.15,8.072361111,0.132777778,0.132777778,0.494721251,9,90.122,-0.393980345,0.069705198,1.666666667,2.333333333,16.48222505,0.101572928,17.509775,0.439748805,-0.08,3.92,9.843390349,0,0,0,0,0,0,0,0,6.9237372,6.606881965,9.843390349,0,0,6.9237372,19.82064589,0,0,4.736862954,29.46,0,0,6.606881965,13.21376393,0,0,6.9237372,0,4.732638889,8.072361111,0,0,3.195,0,2,0,0,0,2,3,0,0,0.0152,0,0,0,1,0,0,0
16168,699,Cloxiquine,ClC=1C2=C(C(O)=CC1)N=CC=C2,Propyl acetate,O(C(C)=O)CCC,0.2,0.101339416,0.101339416,Ethanol,C(C)O,doi.org/10.1016/j.jct.2020.106315,26.92436728,0.004331,-2.363411816,0.101339416,278.15,9.980416667,0.192731481,-0.192731481,0.485245074,8.285714286,102.133,-0.46588874,0.302122697,1.714285714,2.285714286,16.53140833,-0.140439015,59.10049401,0.50944935,-0.53,5.47,4.736862954,0,0,5.969305288,4.794537184,0,0,0,6.9237372,6.420821623,6.9237372,9.531400138,5.969305288,0,20.26829602,6.606881965,0,0,9.531400138,26.3,0,4.794537184,5.969305288,6.606881965,6.420821623,6.9237372,6.9237372,4.736862954,4.552083333,0,-0.192731481,0.902361111,3.924537037,0,2,0,0,0,2,2,0,0,0.9595,0,0,0,1,0,0,0
17522,763,Benzoic acid,C(O)(=O)C1=CC=CC=C1,Benzyl alcohol,C(O)C1=CC=CC=C1,,0,0,Toluene,CC1=CC=CC=C1,dx.doi.org/10.1021/acs.jced.0c00873,20.82185185,0.054,-1.26760624,0,288.15,8.537592593,0.139722222,0.139722222,0.572343612,9.125,108.14,-0.391680468,0.06813694,1.125,1.75,16.2502435,0.281609266,145.7328145,1.025398848,-0.82,1.073981897,5.106527395,0,0,0,0,0,0,0,30.33183534,5.563451492,0,5.106527395,0,0,6.606881965,0,35.89528683,0,6.606881965,20.23,0,0,6.606881965,0,5.563451492,0,30.33183534,0,0,8.537592593,0,0,0.139722222,0,1,0,0,0,1,1,0,1,1.1789,0,0,0,0,0,0,0
17612,763,Benzoic acid,C(O)(=O)C1=CC=CC=C1,Benzyl benzoate,C(OCC1=CC=CC=C1)(=O)C2=CC=CC=C2,,0,0,Toluene,CC1=CC=CC=C1,dx.doi.org/10.1021/acs.jced.0c00873,23.88003071,0.054,-1.26760624,0,288.15,11.59577145,0.287543462,-0.287543462,0.730797571,9.75,212.248,-0.45722281,0.337955184,0.875,1.4375,16.53286384,0.047249893,448.6762621,2.22224579,-2.09,2.700916042,4.736862954,6.606881965,0,5.969305288,0,4.794537184,0,0,48.53093655,17.69618563,0,9.531400138,5.969305288,0,6.606881965,0,71.79057367,0,11.34374492,26.3,0,4.794537184,5.969305288,12.17033346,5.563451492,0,48.53093655,0,5.175185185,0,-0.287543462,0,0.314055178,0,2,0,0,0,2,3,0,2,3.0436,0,0,0,1,0,0,0
17702,763,Benzoic acid,C(O)(=O)C1=CC=CC=C1,Benzyl acetate,C(OC(C)=O)C1=CC=CC=C1,,0,0,Toluene,CC1=CC=CC=C1,dx.doi.org/10.1021/acs.jced.0c00873,22.67910478,0.054,-1.26760624,0,288.15,10.39484552,0.241802721,-0.241802721,0.600172929,9.181818182,150.177,-0.461003434,0.30246072,1.363636364,2,16.53165185,-0.141725961,228.5778659,1.284923245,-1.31,2.846053041,4.736862954,6.606881965,0,5.969305288,4.794537184,0,0,0,30.33183534,5.563451492,6.9237372,9.531400138,5.969305288,0,13.53061916,0,35.89528683,0,16.1382821,26.3,0,4.794537184,5.969305288,6.606881965,5.563451492,6.9237372,30.33183534,0,4.788981481,0,-0.241802721,0,1.776898148,0,2,0,0,0,2,2,0,1,1.7497,0,0,0,1,0,0,0
17977,767,L-Malic acid,[C@H](CC(O)=O)(C(O)=O)O,Butyl acetate,O(CCCC)C(C)=O,0.2,0.081181666,0.081181666,Acetonitrile,C(C)#N,doi.org/10.1016/j.molliq.2020.115113,27.137226,0.01513,-1.820161072,0.081181666,278.15,10.09634637,0.181990741,-0.181990741,0.410684113,8.75,116.16,-0.465877874,0.302122867,1.625,2.25,16.5314464,-0.140540593,68.92878689,0.803216163,-0.53,5.47,4.736862954,0,0,5.969305288,4.794537184,0,0,0,13.34455882,6.420821623,6.9237372,9.531400138,5.969305288,0,26.68911765,6.606881965,0,0,9.531400138,26.3,0,4.794537184,5.969305288,6.606881965,12.84164325,6.9237372,0,11.66060015,4.643333333,0,-0.181990741,2.048472222,4.06050548,0,2,0,0,0,2,3,0,0,1.3496,0,0,0,1,0,0,1
18662,811,Etodolac,C(C(O)=O)C1(CC)C2=C(C=3C(N2)=C(CC)C=CC3)CCO1,Methyl acetate,C(OC)(C)=O,0.2002,0.225523667,0.225523667,Hexane,C(CCC)CC,doi.org/10.1016/j.molliq.2020.114155,23.10791037,0.00325,-2.488116639,0.225523667,278.15,9.590277778,0.24537037,-0.24537037,0.382966591,6.8,74.079,-0.469198107,0.301847167,1.8,2,16.52202262,-0.137450045,40.15772188,0.287457479,-0.53,3.47,4.736862954,0,0,5.969305288,4.794537184,0,0,0,0,0,6.9237372,9.531400138,5.969305288,0,6.9237372,7.109797541,0,0,9.531400138,26.3,0,4.794537184,5.969305288,0,0,14.03353474,0,4.736862954,4.111111111,0,-0.24537037,0,1.361111111,1.349537037,2,0,0,0,2,0,0,0,0.1793,0,0,0,1,1,0,0
22798,1084,Griseofulvin,O=C1[C@@]2(OC=3C1=C(OC)C=C(OC)C3Cl)C(OC)=CC(=O)C[C@H]2C,4-Methyl-2-pentanone,C(C(C)C)C(C)=O,,0,1,2-Propanol,C(C)(C)O,doi.org/10.1016/j.molliq.2019.111600,31.5646616,0.001839,-2.735418271,1,283.15,10.25416667,0.287037037,0.287037037,0.515019317,9.714285714,100.161,-0.300019963,0.129595121,1.571428571,2,16.13721582,-0.117164907,64.58027135,0.695705769,-0.33,5.67,4.794537184,5.783244946,0,0,0,0,0,0,13.8474744,12.84164325,6.420821623,4.794537184,5.783244946,5.917906046,27.19203322,0,0,0,4.794537184,17.07,0,4.794537184,5.783244946,5.917906046,6.420821623,0,13.8474744,0,0,0,0.8125,0.722222222,5.711111111,0,1,0,0,0,1,2,0,0,1.6215,0,0,0,0,0,0,0
26463,1282,L-Glutamic acid,[C@H](CCC(O)=O)(C(O)=O)N,Formic acid,C(O)=O,0.15,0.064610805,0.064610805,Water,O,DOI: 10.1021/acs.jced.8b01084,18.3549915,0.002834,-2.547600154,0.064610805,288.15,8.361111111,0.25,-0.25,0.380160721,4,46.025,-0.48346661,0.290128828,2,2,16.34596656,-0.122407339,10.26466251,0,-0.53,1.47,5.106527395,0,0,0,4.794537184,0,0,0,0,0,0,9.901064579,6.472220865,0,0,0,0,0,4.794537184,37.3,0,0,6.472220865,0,0,0,0,0,0,6.888888889,0,0,-0.25,0,2,0,0,0,1,0,0,0,-0.2992,0,0,0,0,0,0,0